-- phpMyAdmin SQL Dump
-- version 4.4.15.7
-- http://www.phpmyadmin.net
--
-- Хост: 127.0.0.1:3306
-- Время создания: Фев 22 2017 г., 14:50
-- Версия сервера: 5.6.31
-- Версия PHP: 7.0.8

SET SQL_MODE = "NO_AUTO_VALUE_ON_ZERO";
SET time_zone = "+00:00";


/*!40101 SET @OLD_CHARACTER_SET_CLIENT=@@CHARACTER_SET_CLIENT */;
/*!40101 SET @OLD_CHARACTER_SET_RESULTS=@@CHARACTER_SET_RESULTS */;
/*!40101 SET @OLD_COLLATION_CONNECTION=@@COLLATION_CONNECTION */;
/*!40101 SET NAMES utf8mb4 */;

--
-- База данных: `eg71n`
--

-- --------------------------------------------------------

--
-- Структура таблицы `next_cats_cats`
--

CREATE TABLE IF NOT EXISTS `next_cats_cats` (
  `id_cat` int(11) NOT NULL,
  `id_parent` int(11) NOT NULL,
  `cat_type` varchar(64) NOT NULL,
  `url` varchar(512) NOT NULL,
  `item_url` varchar(64) NOT NULL,
  `name` varchar(64) NOT NULL,
  `description` varchar(256) NOT NULL,
  `num_sort` int(11) NOT NULL
) ENGINE=InnoDB AUTO_INCREMENT=4 DEFAULT CHARSET=utf8;

--
-- Дамп данных таблицы `next_cats_cats`
--

INSERT INTO `next_cats_cats` (`id_cat`, `id_parent`, `cat_type`, `url`, `item_url`, `name`, `description`, `num_sort`) VALUES
(1, 0, 'shop', 'listvennie', 'listvennie', 'Лиственные', 'Описание лиственных растений Описание лиственных растений Описание лиственных растений Описание лиственных растений', 0),
(2, 0, 'shop', 'hvoinye', 'hvoinye', 'Хвойные', 'Описание хвойных Описание хвойных Описание хвойных Описание хвойных Описание хвойных Описание хвойных Описание хвойных Описание хвойных', 1),
(3, 0, 'shop', 'plodovoiagodnie', 'plodovoiagodnie', 'Плодово-ягодные', 'Описание плодово-ягодных растений Описание плодово-ягодных растений Описание плодово-ягодных растений', 2);

-- --------------------------------------------------------

--
-- Структура таблицы `next_galleries_index`
--

CREATE TABLE IF NOT EXISTS `next_galleries_index` (
  `id_gallery` int(11) NOT NULL,
  `shortcode` varchar(63) NOT NULL,
  `name` varchar(256) NOT NULL
) ENGINE=InnoDB AUTO_INCREMENT=2 DEFAULT CHARSET=utf8;

--
-- Дамп данных таблицы `next_galleries_index`
--

INSERT INTO `next_galleries_index` (`id_gallery`, `shortcode`, `name`) VALUES
(1, 'test', 'Тестовая');

-- --------------------------------------------------------

--
-- Структура таблицы `next_images_index`
--

CREATE TABLE IF NOT EXISTS `next_images_index` (
  `id_image` int(11) NOT NULL,
  `location` varchar(8) NOT NULL,
  `name` varchar(64) NOT NULL,
  `ext` varchar(8) NOT NULL,
  `title` varchar(64) NOT NULL,
  `alt` varchar(64) NOT NULL,
  `is_show` enum('0','1') NOT NULL DEFAULT '1'
) ENGINE=InnoDB AUTO_INCREMENT=48 DEFAULT CHARSET=utf8;

--
-- Дамп данных таблицы `next_images_index`
--

INSERT INTO `next_images_index` (`id_image`, `location`, `name`, `ext`, `title`, `alt`, `is_show`) VALUES
(1, 'e/d/', '2497924', 'jpg', '', '', '1'),
(2, '3/c/', '9858685', 'jpg', '', '', '1'),
(3, '6/7/', '6217025', 'jpg', '', '', '1'),
(4, '0/5/', '7255403', 'jpg', '', '', '1'),
(5, '0/8/', '3881089', 'jpg', '', '', '1'),
(6, '9/6/', '9679988', 'jpg', '', '', '1'),
(7, 'd/9/', '6199821', 'jpg', '', '', '1'),
(8, '4/d/', '6576629', 'jpg', '', '', '1'),
(9, '4/f/', '4745193', 'jpg', '', '', '1'),
(10, '0/4/', '5405298', 'jpg', '', '', '1'),
(11, 'b/a/', '7979474', 'jpg', '', '', '1'),
(12, 'e/c/', '8215363', 'jpg', '', '', '1'),
(13, '8/f/', '4246861', 'jpg', '', '', '1'),
(14, 'c/b/', '7711760', 'jpg', '', '', '1'),
(15, 'f/e/', '9200178', 'jpg', '', '', '1'),
(16, 'c/e/', '9691618', 'jpg', '', '', '1'),
(17, 'f/2/', '2362746', 'jpg', '', '', '1'),
(18, '2/a/', '8162454', 'jpg', '', '', '1'),
(19, '6/7/', '1054158', 'jpg', '', '', '1'),
(20, '4/2/', '9553021', 'jpg', '', '', '1'),
(21, '4/5/', '9112877', 'jpg', '', '', '1'),
(22, '4/c/', '5792587', 'jpg', '', '', '1'),
(23, '2/b/', '6404935', 'jpg', '', '', '1'),
(24, 'd/c/', '1122953', 'jpg', '', '', '1'),
(25, 'b/8/', '3421307', 'jpg', '', '', '1'),
(26, 'c/e/', '186191', 'jpg', '', '', '1'),
(27, '9/0/', '8974528', 'jpg', '', '', '1'),
(28, '1/6/', '7385078', 'jpg', '', '', '1'),
(29, '7/0/', '7089554', 'jpg', '', '', '1'),
(30, '7/f/', '4309335', 'jpg', '', '', '1'),
(31, '8/0/', '7726575', 'jpg', '', '', '1'),
(32, 'e/c/', '7087813', 'jpg', '', '', '1'),
(33, '8/d/', '9754470', 'jpg', '', '', '1'),
(34, '5/c/', '4408730', 'jpg', '', '', '1'),
(35, '6/8/', '3048103', 'jpg', '', '', '1'),
(36, 'b/4/', '607860', 'jpg', '', '', '1'),
(37, '4/8/', '3917167', 'jpg', '', '', '1'),
(38, '1/b/', '8205713', 'jpg', '', '', '1'),
(39, '2/f/', '4312911', 'jpg', '', '', '1'),
(40, '9/7/', '4223190', 'jpg', '', '', '1'),
(41, '7/7/', '3074744', 'jpg', '', '', '1'),
(42, '7/7/', '3937848', 'jpg', '', '', '1'),
(43, 'a/8/', '5841687', 'jpg', '', '', '1'),
(44, '8/0/', '67877', 'jpg', '', '', '1'),
(45, '6/7/', '8028497', 'jpg', '', '', '1'),
(46, '6/d/', '1355691', 'jpg', '', '', '1'),
(47, 'd/b/', '5105544', 'jpg', '', '', '1');

-- --------------------------------------------------------

--
-- Структура таблицы `next_images_items`
--

CREATE TABLE IF NOT EXISTS `next_images_items` (
  `id_image` int(11) NOT NULL,
  `id_item` int(11) NOT NULL,
  `item` varchar(32) NOT NULL,
  `num_sort` int(11) NOT NULL
) ENGINE=InnoDB DEFAULT CHARSET=utf8;

--
-- Дамп данных таблицы `next_images_items`
--

INSERT INTO `next_images_items` (`id_image`, `id_item`, `item`, `num_sort`) VALUES
(1, 1, 'cat', 0),
(2, 2, 'cat', 0),
(3, 3, 'cat', 0),
(4, 176, 'shop', 0),
(5, 177, 'shop', 0),
(6, 178, 'shop', 0),
(7, 180, 'shop', 0),
(8, 181, 'shop', 0),
(9, 182, 'shop', 0),
(10, 183, 'shop', 0),
(11, 184, 'shop', 0),
(12, 185, 'shop', 0),
(13, 186, 'shop', 0),
(14, 188, 'shop', 0),
(15, 189, 'shop', 0),
(16, 190, 'shop', 0),
(17, 191, 'shop', 0),
(18, 192, 'shop', 0),
(19, 193, 'shop', 0),
(20, 194, 'shop', 0),
(21, 195, 'shop', 0),
(22, 196, 'shop', 0),
(23, 198, 'shop', 0),
(24, 199, 'shop', 0),
(25, 200, 'shop', 0),
(26, 201, 'shop', 0),
(27, 207, 'shop', 0),
(28, 208, 'shop', 0),
(29, 209, 'shop', 0),
(30, 119, 'shop', 0),
(31, 145, 'shop', 0),
(32, 160, 'shop', 0),
(33, 161, 'shop', 0),
(34, 162, 'shop', 0),
(35, 127, 'shop', 0),
(36, 129, 'shop', 0),
(37, 131, 'shop', 0),
(38, 135, 'shop', 0),
(39, 136, 'shop', 0),
(40, 138, 'shop', 0),
(41, 139, 'shop', 0),
(42, 140, 'shop', 0),
(43, 118, 'shop', 0),
(44, 206, 'shop', 0),
(45, 121, 'shop', 0),
(46, 122, 'shop', 0),
(47, 123, 'shop', 0);

-- --------------------------------------------------------

--
-- Структура таблицы `next_images_sizes`
--

CREATE TABLE IF NOT EXISTS `next_images_sizes` (
  `id_image` int(11) unsigned NOT NULL,
  `slug` varchar(64) NOT NULL,
  `width` smallint(4) unsigned NOT NULL,
  `height` smallint(4) unsigned NOT NULL
) ENGINE=InnoDB DEFAULT CHARSET=utf8;

--
-- Дамп данных таблицы `next_images_sizes`
--

INSERT INTO `next_images_sizes` (`id_image`, `slug`, `width`, `height`) VALUES
(1, 'cat-home', 350, 215),
(1, 'cat-middle', 390, 240),
(1, 'cat-slider', 660, 406),
(2, 'cat-home', 350, 215),
(2, 'cat-middle', 390, 240),
(2, 'cat-slider', 660, 406),
(3, 'cat-home', 350, 215),
(3, 'cat-middle', 390, 240),
(3, 'cat-slider', 660, 406),
(4, 'shop-middle', 390, 277),
(4, 'shop-mini', 96, 68),
(4, 'shop-origin', 600, 427),
(5, 'shop-middle', 390, 252),
(5, 'shop-mini', 96, 62),
(5, 'shop-origin', 667, 432),
(6, 'shop-middle', 390, 295),
(6, 'shop-mini', 96, 72),
(6, 'shop-origin', 600, 455),
(7, 'shop-middle', 390, 292),
(7, 'shop-mini', 96, 72),
(7, 'shop-origin', 472, 354),
(8, 'shop-middle', 320, 320),
(8, 'shop-mini', 96, 96),
(8, 'shop-origin', 320, 320),
(9, 'shop-middle', 390, 292),
(9, 'shop-mini', 96, 72),
(9, 'shop-origin', 667, 500),
(10, 'shop-middle', 390, 292),
(10, 'shop-mini', 96, 72),
(10, 'shop-origin', 667, 500),
(11, 'shop-middle', 390, 259),
(11, 'shop-mini', 96, 63),
(11, 'shop-origin', 667, 443),
(12, 'shop-middle', 390, 292),
(12, 'shop-mini', 96, 72),
(12, 'shop-origin', 520, 390),
(13, 'shop-middle', 390, 292),
(13, 'shop-mini', 96, 72),
(13, 'shop-origin', 500, 375),
(14, 'shop-middle', 390, 292),
(14, 'shop-mini', 96, 72),
(14, 'shop-origin', 667, 500),
(15, 'shop-middle', 390, 292),
(15, 'shop-mini', 96, 72),
(15, 'shop-origin', 667, 500),
(16, 'shop-middle', 390, 292),
(16, 'shop-mini', 96, 72),
(16, 'shop-origin', 667, 500),
(17, 'shop-middle', 390, 390),
(17, 'shop-mini', 96, 96),
(17, 'shop-origin', 480, 480),
(18, 'shop-middle', 390, 297),
(18, 'shop-mini', 96, 73),
(18, 'shop-origin', 667, 509),
(19, 'shop-middle', 390, 292),
(19, 'shop-mini', 96, 72),
(19, 'shop-origin', 650, 488),
(20, 'shop-middle', 390, 306),
(20, 'shop-mini', 96, 75),
(20, 'shop-origin', 667, 524),
(21, 'shop-middle', 390, 319),
(21, 'shop-mini', 96, 78),
(21, 'shop-origin', 450, 369),
(22, 'shop-middle', 390, 292),
(22, 'shop-mini', 96, 71),
(22, 'shop-origin', 667, 499),
(23, 'shop-middle', 390, 245),
(23, 'shop-mini', 96, 60),
(23, 'shop-origin', 593, 374),
(24, 'shop-middle', 390, 292),
(24, 'shop-mini', 96, 72),
(24, 'shop-origin', 667, 500),
(25, 'shop-middle', 390, 303),
(25, 'shop-mini', 96, 74),
(25, 'shop-origin', 658, 512),
(26, 'shop-middle', 390, 292),
(26, 'shop-mini', 96, 72),
(26, 'shop-origin', 667, 500),
(27, 'shop-middle', 390, 276),
(27, 'shop-mini', 96, 68),
(27, 'shop-origin', 475, 337),
(28, 'shop-middle', 390, 292),
(28, 'shop-mini', 96, 72),
(28, 'shop-origin', 667, 500),
(29, 'shop-middle', 390, 292),
(29, 'shop-mini', 96, 72),
(29, 'shop-origin', 667, 500),
(30, 'shop-middle', 390, 250),
(30, 'shop-mini', 96, 61),
(30, 'shop-origin', 390, 250),
(31, 'shop-middle', 390, 390),
(31, 'shop-mini', 96, 96),
(31, 'shop-origin', 650, 650),
(32, 'shop-middle', 390, 250),
(32, 'shop-mini', 96, 61),
(32, 'shop-origin', 390, 250),
(33, 'shop-middle', 390, 250),
(33, 'shop-mini', 96, 61),
(33, 'shop-origin', 390, 250),
(34, 'shop-middle', 390, 250),
(34, 'shop-mini', 96, 61),
(34, 'shop-origin', 390, 250),
(35, 'shop-middle', 390, 250),
(35, 'shop-mini', 96, 61),
(35, 'shop-origin', 390, 250),
(36, 'shop-middle', 390, 250),
(36, 'shop-mini', 96, 61),
(36, 'shop-origin', 390, 250),
(37, 'shop-middle', 390, 250),
(37, 'shop-mini', 96, 61),
(37, 'shop-origin', 390, 250),
(38, 'shop-middle', 390, 250),
(38, 'shop-mini', 96, 61),
(38, 'shop-origin', 390, 250),
(39, 'shop-middle', 390, 250),
(39, 'shop-mini', 96, 61),
(39, 'shop-origin', 390, 250),
(40, 'shop-middle', 390, 250),
(40, 'shop-mini', 96, 61),
(40, 'shop-origin', 390, 250),
(41, 'shop-middle', 390, 250),
(41, 'shop-mini', 96, 61),
(41, 'shop-origin', 390, 250),
(42, 'shop-middle', 390, 250),
(42, 'shop-mini', 96, 61),
(42, 'shop-origin', 390, 250),
(43, 'shop-middle', 161, 215),
(43, 'shop-mini', 96, 128),
(43, 'shop-origin', 161, 215),
(44, 'shop-middle', 390, 390),
(44, 'shop-mini', 96, 96),
(44, 'shop-origin', 600, 600),
(45, 'shop-middle', 390, 250),
(45, 'shop-mini', 96, 61),
(45, 'shop-origin', 390, 250),
(46, 'shop-middle', 390, 250),
(46, 'shop-mini', 96, 61),
(46, 'shop-origin', 390, 250),
(47, 'shop-middle', 390, 250),
(47, 'shop-mini', 96, 61),
(47, 'shop-origin', 390, 250);

-- --------------------------------------------------------

--
-- Структура таблицы `next_menu_items`
--

CREATE TABLE IF NOT EXISTS `next_menu_items` (
  `id_menu` int(11) NOT NULL,
  `id_item` int(11) NOT NULL,
  `num_sort` int(11) NOT NULL
) ENGINE=InnoDB DEFAULT CHARSET=utf8;

--
-- Дамп данных таблицы `next_menu_items`
--

INSERT INTO `next_menu_items` (`id_menu`, `id_item`, `num_sort`) VALUES
(1, 3, 1),
(1, 4, 2),
(1, 8, 0),
(2, 3, 0),
(2, 4, 1),
(2, 8, 2),
(3, 6, 0),
(3, 7, 1);

-- --------------------------------------------------------

--
-- Структура таблицы `next_menu_menu`
--

CREATE TABLE IF NOT EXISTS `next_menu_menu` (
  `id_menu` int(11) NOT NULL,
  `shortcode` varchar(32) NOT NULL,
  `title` varchar(256) NOT NULL
) ENGINE=InnoDB AUTO_INCREMENT=4 DEFAULT CHARSET=utf8;

--
-- Дамп данных таблицы `next_menu_menu`
--

INSERT INTO `next_menu_menu` (`id_menu`, `shortcode`, `title`) VALUES
(1, 'footer', 'Страницы в подвале'),
(2, 'shop_left_pages', 'Левое в колонке товаров магазина'),
(3, 'shop_left_sales', 'Скидки в колонке товаров магазина');

-- --------------------------------------------------------

--
-- Структура таблицы `next_news_news`
--

CREATE TABLE IF NOT EXISTS `next_news_news` (
  `id_new` int(11) NOT NULL,
  `id_cat` int(11) NOT NULL,
  `title` varchar(256) NOT NULL,
  `url` varchar(128) NOT NULL,
  `content` text NOT NULL,
  `dt` date NOT NULL,
  `visible` enum('0','1','2','3') NOT NULL DEFAULT '0'
) ENGINE=InnoDB DEFAULT CHARSET=utf8;

-- --------------------------------------------------------

--
-- Структура таблицы `next_orders_index`
--

CREATE TABLE IF NOT EXISTS `next_orders_index` (
  `id_order` int(11) NOT NULL,
  `id_client` int(11) DEFAULT NULL,
  `dt_open` timestamp NOT NULL DEFAULT CURRENT_TIMESTAMP,
  `dt_close` timestamp NULL DEFAULT NULL,
  `phone` varchar(32) NOT NULL,
  `email` varchar(256) NOT NULL,
  `name` varchar(256) NOT NULL,
  `delivery` varchar(512) NOT NULL,
  `comment` text NOT NULL,
  `status` varchar(8) NOT NULL DEFAULT '0'
) ENGINE=InnoDB DEFAULT CHARSET=utf8;

-- --------------------------------------------------------

--
-- Структура таблицы `next_orders_products`
--

CREATE TABLE IF NOT EXISTS `next_orders_products` (
  `id_order` int(11) NOT NULL,
  `id_product` int(11) NOT NULL,
  `price` int(11) NOT NULL,
  `cnt` int(10) unsigned NOT NULL,
  `sale` int(11) NOT NULL,
  `why_sale` varchar(32) NOT NULL,
  `sum` int(11) NOT NULL
) ENGINE=InnoDB DEFAULT CHARSET=utf8;

-- --------------------------------------------------------

--
-- Структура таблицы `next_pages_pages`
--

CREATE TABLE IF NOT EXISTS `next_pages_pages` (
  `id_page` int(11) NOT NULL,
  `id_parent` int(11) NOT NULL DEFAULT '0',
  `url` varchar(512) NOT NULL,
  `item_url` varchar(128) NOT NULL,
  `title` varchar(128) NOT NULL,
  `content` text NOT NULL,
  `num_sort` int(11) NOT NULL DEFAULT '999999',
  `visible` enum('0','1','2','3') NOT NULL DEFAULT '0',
  `base_template` varchar(256) NOT NULL,
  `inner_template` varchar(256) NOT NULL
) ENGINE=InnoDB AUTO_INCREMENT=5 DEFAULT CHARSET=utf8;

--
-- Дамп данных таблицы `next_pages_pages`
--

INSERT INTO `next_pages_pages` (`id_page`, `id_parent`, `url`, `item_url`, `title`, `content`, `num_sort`, `visible`, `base_template`, `inner_template`) VALUES
(1, 0, 'home', 'home', 'Главная', '<p>Предлагаем Вам широкий выбор растений собственного производства. Вас приятно порадует наш ассортимент и цены!</p>', 0, '0', 'v_main', 'v_main'),
(2, 0, 'kontakty', 'kontakty', 'Контакты', '<p>Тульская область, Ефремовский район, д. Каланчиновка</p>\r\n\r\n<p>Питомник &quot;Каланчиновское Подворье&quot;</p>\r\n\r\n<p>&nbsp;</p>\r\n\r\n<p>✆ +7 (910) 702-75-06,</p>\r\n\r\n<p>✆ +7 (905) 110-77-61</p>\r\n\r\n<p>✉ egarden71@mail.ru</p>\r\n\r\n<p>&nbsp;</p>\r\n\r\n<p>&nbsp;</p>\r\n\r\n<p>&nbsp;</p>\r\n\r\n<p>&nbsp;</p>', 0, '0', 'v_main', 'v_contacts'),
(3, 0, 'katalog', 'katalog', 'Каталог', '<p>Каталог растений</p>', 1, '0', 'v_main', 'v_catalog'),
(4, 0, 'o-kompanii', 'o-kompanii', 'О компании', '<p>Текст о компании Текст о компании Текст о компании Текст о компании Текст о компании Текст о компании.</p>', 0, '0', 'v_main', 'v_about');

-- --------------------------------------------------------

--
-- Структура таблицы `next_reviews_reviews`
--

CREATE TABLE IF NOT EXISTS `next_reviews_reviews` (
  `id_review` int(11) NOT NULL,
  `id_cat` int(11) NOT NULL,
  `title` varchar(128) NOT NULL,
  `author` varchar(64) NOT NULL,
  `announcement` varchar(180) NOT NULL,
  `url` varchar(128) NOT NULL,
  `content` text NOT NULL,
  `dt` date NOT NULL,
  `is_show` enum('0','1') NOT NULL,
  `is_moderate` enum('0','1') NOT NULL
) ENGINE=InnoDB DEFAULT CHARSET=utf8;

-- --------------------------------------------------------

--
-- Структура таблицы `next_seopack_index`
--

CREATE TABLE IF NOT EXISTS `next_seopack_index` (
  `id_index` int(11) NOT NULL,
  `item` varchar(64) NOT NULL,
  `id_item` int(11) NOT NULL,
  `url` varchar(256) NOT NULL,
  `priority` enum('0','1','2','3','4','5') NOT NULL,
  `changefreq` enum('0','1','2','3','4','5') NOT NULL,
  `lastmod` int(10) unsigned NOT NULL,
  `is_index` enum('0','1') NOT NULL,
  `is_follow` enum('0','1') NOT NULL,
  `in_sitemap` enum('0','1') NOT NULL,
  `title` varchar(256) NOT NULL,
  `h1` varchar(256) NOT NULL,
  `keywords` varchar(256) NOT NULL,
  `description` varchar(256) NOT NULL
) ENGINE=InnoDB AUTO_INCREMENT=4 DEFAULT CHARSET=utf8;

--
-- Дамп данных таблицы `next_seopack_index`
--

INSERT INTO `next_seopack_index` (`id_index`, `item`, `id_item`, `url`, `priority`, `changefreq`, `lastmod`, `is_index`, `is_follow`, `in_sitemap`, `title`, `h1`, `keywords`, `description`) VALUES
(1, 'page', 1, 'home', '1', '1', 1484897459, '1', '1', '1', 'Главная', 'Главная', '', ''),
(2, 'page', 4, 'kontakty', '1', '1', 1484897459, '1', '1', '1', 'Контакты', 'Контакты', '', ''),
(3, 'sitemap', 1, 'sitemap', '1', '1', 1484897459, '1', '1', '1', '', '', '', '');

-- --------------------------------------------------------

--
-- Структура таблицы `next_seopack_redirects`
--

CREATE TABLE IF NOT EXISTS `next_seopack_redirects` (
  `id_redirect` int(11) NOT NULL,
  `url_from` varchar(255) NOT NULL,
  `url_to` varchar(256) NOT NULL
) ENGINE=InnoDB DEFAULT CHARSET=utf8;

-- --------------------------------------------------------

--
-- Структура таблицы `next_shop_cart2pr`
--

CREATE TABLE IF NOT EXISTS `next_shop_cart2pr` (
  `id_cart` int(11) NOT NULL,
  `id_product` int(11) NOT NULL,
  `cnt` tinyint(4) NOT NULL
) ENGINE=InnoDB DEFAULT CHARSET=latin1;

-- --------------------------------------------------------

--
-- Структура таблицы `next_shop_carts`
--

CREATE TABLE IF NOT EXISTS `next_shop_carts` (
  `id_cart` int(10) unsigned NOT NULL,
  `id_token` int(11) NOT NULL
) ENGINE=InnoDB DEFAULT CHARSET=latin1;

-- --------------------------------------------------------

--
-- Структура таблицы `next_shop_options`
--

CREATE TABLE IF NOT EXISTS `next_shop_options` (
  `id_option` int(11) NOT NULL,
  `url` varchar(64) NOT NULL,
  `title` varchar(256) NOT NULL,
  `opt_type` varchar(32) NOT NULL
) ENGINE=InnoDB AUTO_INCREMENT=8 DEFAULT CHARSET=utf8;

--
-- Дамп данных таблицы `next_shop_options`
--

INSERT INTO `next_shop_options` (`id_option`, `url`, `title`, `opt_type`) VALUES
(1, 'height', 'Высота', 'input'),
(2, 'price', 'Цена', 'input'),
(3, 'priceg', 'Цена с горшком', 'input'),
(4, 'pricem', 'Цена за метр', 'input'),
(5, 'instock', 'В наличии', 'input'),
(6, 'diameter', 'Диаметр', 'input'),
(7, 'content', 'Описание', 'ckeditor');

-- --------------------------------------------------------

--
-- Структура таблицы `next_shop_pr2op`
--

CREATE TABLE IF NOT EXISTS `next_shop_pr2op` (
  `id_product` int(11) NOT NULL,
  `id_option` int(11) NOT NULL,
  `id_unit` int(11) NOT NULL,
  `value` text NOT NULL,
  `in_list` enum('0','1') NOT NULL DEFAULT '0'
) ENGINE=InnoDB DEFAULT CHARSET=utf8;

--
-- Дамп данных таблицы `next_shop_pr2op`
--

INSERT INTO `next_shop_pr2op` (`id_product`, `id_option`, `id_unit`, `value`, `in_list`) VALUES
(2, 2, 1, '1', '1'),
(2, 3, 1, '1', '1'),
(2, 4, 1, '1', '1'),
(2, 5, 1, '1', '1'),
(2, 7, 1, '<p>Сорт раннего срока созревания, Самарской селекции. Сильнорослый. Морозостойкость и устойчивость к болезням высокая. Плоды желтые, округлой формы, кисловато-сладкого вкуса, с приятным ароматом, держатся на дереве до двух недель. Некоторые из плодов наделены небольшим румянцем и швом. Средняя масса абрикоса - 45-50 г. Косточка со сладким ядрышком, хорошо отделяется от мякоти. Урожайность высокая.</p>', '1'),
(3, 7, 1, '<p>Дерево Олимп относится к среднерослым с раскидистой кроной. Листья широкие, округлые тёмно-зеленого цвета. В среднем абрикос сорта Олимп живет более 50-ти лет. При этом не стоит забывать, что этот сорт любит свет и легко переносит засуху. Первый урожай даёт на 4-й год после посадки. Урожайность не высокая, но стабильная и достигает до 100-150 ц/га.Для того, чтобы абрикос не был мелким, необходимо во время его прореживать, так как сорт склонен к перегрузке. Плоды не большого размера массой до 40гр., овальной формы. Кожура тонкая, немного опушенная, золотисто-желтого окраса. Мякоть упругая, сладко-кислого вкуса и с приятным ароматом. Косточка среднего размера и довольно легко отходит от мякоти. Преимуществом является устойчивость сорта к болезням, особенно к поражению пятнистостью. Съемная зрелость припадает на конец июля &ndash; начала августа. Это консервно - столовый сорт, среднего срока созревания. Используют абрикос в свежем виде, а так же для изготовления многих блюд.</p>', '1'),
(4, 7, 1, '<p>(ЗКC) Раннего срока созревания (конец июля). Дерево сильнорослое, раскидистое, раннего срока созревания. Морозостйкость и устойчивость к болезням повышенная. Урожайность высокая, масса плодов до 40 граммов, Вкусовые качества хорошие.</p>', '1'),
(5, 7, 1, '<p>Сорт Саратовского селекционера &ndash; Голубева Александра Михайловича. Дерево сильнорослое, среднераннего срока созревания &ndash; 17-25 июля. У сорта высокая устойчивость ко всем видам грибных болезней. Высокая морозостойкость древесины и плодовых почек, длительный период глубокого покоя плодовых почек ставит сорт на порядок выше сортов существующих и произростающих в нашей климатической зоне. По данным, полученным из Южно-Уральского региона, сорт плодоносит после -- 40 градусов. Средний вес плодов 40гр, максимальный 48гр. У Саратовского рубина очень хорошие вкусовые качества, очень высокая привлекательность плодов &ndash; 5 баллов, устойчивость высокая к растрескиванию, высокая транспортабельность и лежкость плодов, больше месяца при температуре +5. Косточка мелкая , хорошо отделяется от мякоти. Универсальное назначение(сушка, компоты, употребление в свежем виде и для хранения). Все эти качества делают сорт Саратовский рубин самым перспективным и востребованным.</p>', '1'),
(6, 7, 1, '<p>Сорт среднего срока созревания. Получен от скрещивания известного старинного южного сорта Краснощекий и сеянца забайкальского абрикоса Северный ранний во Всероссийском НИИ садоводства им. Мичурина в 1938 году. Деревья среднерослые. Зимостойкость древесины очень высокая, цветковых почек выше средней. Достаточно устойчив к выпреванию. Слабо поражается болезнями и вредителями. Урожайный. Плоды средние, плоско-округлые, массой 45 г. Кожица опушенная. Окраска плода при полной зрелости желто-оранжевая . Мякоть оранжевая, сочная, нежная, тающая, отличного сладкого вкуса. Ядро косточки сладкое. Сорт пригоден для употребления в свежем виде. Первое плодоношение наступает на 4 год жизни дерева в саду.</p>', '1'),
(8, 7, 1, '<p>Среднего срока созревания. Дерево слаборослое, крона плоско-округлая, редкая. Плод крупный, продолговатый, максимальный диаметр ближе к основанию, асимметричный, шов слабо выражен, равномерен по всей длине. Восковой налет выражен средне. Окраска кожицы красная. Окраска мякоти желтая. Плотность мякоти средняя, консистенция волокнистая, средняя сочность. Плоды долго не осыпаются при перезревании, устойчивы к растрескиванию, транспортабельны. При съеме в начале окрашивания хорошо дозревают и приобретают свойственную сорту окраску. Плоды хороши для употребления в свежем виде и консервирования. Оценки плодов &ndash; свыше 4,6 балла, компот и варенье &ndash; 4,5 балла, сок с мякотью &ndash; 4,4 балла. Урожайность сорта высокая и регулярная. Зимостойкость высокая, засухоустойчивость средняя. Устойчив к комплексу основных болезней.</p>', '1'),
(9, 7, 1, '<p>Дерево среднерослое, крона плоско-округлая, средней густотыПлод средний или крупный, длина 30 мм, ширина 33 мм, масса 31 г, форма овальная. Плоды пригодны для употребления в свежем виде и для консервиро&not;вания. Оценка консервов: сок с мякотью - 4,3 балла, компот - 4,4 балла, варенье - 4,3-балла, замороженные плоды - 4,0 балла. Цветет в ранние сроки в начале апреля. Самобесплодный. Созревает в среднеранние сроки - в середине июля. Урожайность высокая и регулярная. При перезревании плоды долго не осыпаются, устойчивы к растрескиванию. Зимостойкость высокая, засухоустойчивость средняя. Устойчив к болезням. Высокоадаптивен. Достоинства: высокие адаптивность и продуктивность, хорошие вкусовые и консервные качества плодов. Недостатки: плохо отделяющаяся косточка.</p>', '1'),
(12, 7, 1, '<p>Сорт американского происхождения. Кусты слаборослые, вызревшая лоза светло коричневая, с опушением. Листья с острой верхушкой, снизу опушённые. Цветки обоеполые. Грозди плотные, конические, хорошо выполненные, весом 150-200 г. Ягоды розовые, 3-5 гр, сладкие, со специфическим привкусом. Зрелые плоды источают сильный цветочный аромат. Прекрасный сорт для технической переработки. Особенно вкусен джем из Люсиля, поскольку ягоды содержат большое количество пектиновых веществ. При изготовлении вина аромат не сохраняется. Один из самых морозоустойчивых сортов в группе неукрывных. Очень устойчив к болезням.</p>', '1'),
(13, 7, 1, '<p>ЗКC &mdash; гибридная форма раннего срока созревания 105-115 дней.&nbsp;<br />\nКусты сильнорослые, побеги вызревает хорошо, по всей длине.<br />\nЦветок обоеполый.&nbsp;<br />\nЯгода красно-фиолетовая, удлиненно-сосковидная, очень крупная, массой 12-16 г и более. Мякоть плотная, хрустящая, вкус гармоничный, с легким фруктовым привкусом. Кожица плотная, съедаемая.&nbsp;<br />\nГрозди цилиндроконические или конические, средне рыхлые, без горошения, 500-1000 г и более.&nbsp;<br />\nУрожайность очень высокая, нуждается в нормировании, отличается очень хорошей транспортабельностью и товарностью.&nbsp;<br />\nЗа время испытаний растрескивания ягод не наблюдалось, осами не поражается. Урожай долго сохраняется на кустах без потери вкусовых качеств.&nbsp;<br />\nУстойчивость к милдью оидиуму, серой гнили на уровне 2,5-3 баллов.<br />\nМорозостойкость формы повышенная, до -23&deg;С.</p>', '1'),
(14, 7, 1, '<p>Cтоловая форма винограда очень раннего срока созревания, созревает в конце июля - начале августа. Цветок обоеполый. Сильнорослая. Гроздь крупная 600-1000г., очень красивая. Ягода крупная и очень крупная массой 10-15 г., овальная, темно-красного цвета. Мякоть хрустящая, с мускатным ароматом. Транспортабельная.&nbsp;</p>', '1'),
(15, 7, 1, '<p>&nbsp;( Талисман х Кардинал) - новая гибридная форма очень раннего срока созревания 100-105 дней, созревает в начале августа, цветок обоеполый. Сильно рослая, гроздь крупная 600-1000г. Нарядная. Ягода крупная и очень крупная массой 10-12г. Овальная темно-красного цвета, мякоть хрустящая вкус с мускатным ароматом, транспортабельный, вызревание побегов и окоренение черенков хорошее. Устойчивость к грибным заболеваниям 2,5 балла. Морозостойкость -23 градуса.</p>', '1'),
(16, 7, 1, '<p>(Талисман*Красотка). ГФ Павловского Е.Г. Срок созревания 100-110 дней. Цветок обоеполый. Сильнорослая. Гроздь крупная,1 кг и более, нарядная. Ягода очень крупная,15г и более, темно-розового цвета. Мякоть плотная, при полном созревании во вкусе появляется легкий мускат. Урожай долго сохраняется на кустах, ягоды не лопаются, не поражаются серой гнилью и не портятся осой. Вызревание лозы раннее. Устойчивость к грибковым болезням повышенная(2,5 балла). Морозостойкость -24.</p>', '1'),
(17, 7, 1, '<p>Столовая форма винограда раннего срока созревания. Большой силы роста. С обоеполым цветком. Вызревание побегов хорошее. Ягоды темно-синие, округлые, 21,5-20,5 мм, средней массой 6,2 г, грозди средние, средней массой 390 г. Хорошего вкуса, кожица съедается, мякоть мясистая. Сахаристость сока ягод на 10 августа 2006 года 14,8 г/100 см3, кислотность 5,6 г/дм3. Урожайность, устойчивость к грибным болезням, морозу изучается.</p>', '1'),
(18, 7, 1, '<p>Соперави относится к поздним сортам. От появления почек до созревания ягод проходит около 140-160 дней. Отличается высокой урожайностью и средней зимостойкостью. Выдерживает морозы не ниже -20С.Чем южнее регион произрастания, тем качественнее урожай. Хорошо растет на легких, несоленых почвах, с хорошей освещенностью и регулярным поливом. Ягоды Саперави могут долго оставаться на лозе, не теряя вкусовых качеств.Вино из этого сорта имеет свойство улучшаться с возрастом. У молодого вина вкус резкий и не очень приятный, но после 4-10 лет выдержки он кардинально меняется. В уходе Саперави нетребователен. При обрезке надо оставлять 40-50 глазков на куст или 9-10 глазков на побег. Наибольший урожай можно получить только от взрослого, 10-15-летнего растения.</p>', '1'),
(19, 7, 1, '<p>Столовая форма винограда. Срок созревания ягод - очень ранний. Кусты сильнорослые. Гибридная форма с обоеполым типом цветка. Грозди массой 370-505 г. Ягоды крупные, слабо яйцевидные, белые. Средняя масса ягоды &ndash; 7 г, размер 24,7 х 20,9 мм. Вкус гармоничный, мякоть мясисто-сочная. Сахаристость сока ягод на 28 июля 2006 года 10,7 г/100 см3, кислотность 5,6 г/дм3. Транспортабельность высокая.</p>', '1'),
(22, 7, 1, '<p>Сорт позднего периода созревания. Плоды хорошо сохраняются. Морозостойкость побегов и цветковых почек хорошая, слабо повреждаются болезнями ивредителями.Сорт самоплодный, а при посадке с такими сортами, как Анна Шпет, Венгерка итальянская и Ренклод Альтана, дает высокие урожаи.Требователен к плодородию и влажности почвы, на сухих и песчаных почвах наблюдается осыпание плодов. Созревают плоды почти одновременно в конце августа - начале сентября. Со сбором урожая спешить не следует, так как лучшим вкусом обладают плоды, хорошо созревшие на дереве. Здоровые плоды почти не осыпаются. Урожайность ежегодная и высокая, плоды &nbsp;хранятся 15- 25 дней.</p>', '1'),
(23, 7, 1, '<p>Очень старинный сорт, широко распространенный в России. Происхождение его теряется далеко в веках истории. В средней полосе России плоды созревают в середине июля. Это типичная кустовидная вишня. Плоды массой от 2,5 до 3,4 г, плоскоокруглые, слегка сжатые со стороны брюшного шва. Кожица черно-красная, покрыта многочисленными серыми точками, мякоть темно-красная, плотная, волокнистая, сочная, очень хорошего кисловато-сладкого, гармоничного вкуса; сок густой, темно-вишневый. Плоды созревают неодновременно. Зимостойкость дерева хорошая. Урожайность характеризуется от умеренной до хорошей.</p>', '1'),
(24, 7, 1, '<p>Сорт самоплодный. Плоды созревают в ранне-средний срок, в конце июня. Дерево слаборослое или среднерослое, крона плоско-округлая, редкая, высота во взрослом состоянии не превышает 3-4 метров, ветви пониклые. Плоды крупные, овальной формы, средней массой 4,1 г. Мякоть ярко-красная, с небольшими светлыми прожилками, мясистая, нежная, сок светло-красный. Вкус очень хороший, кисло-сладкий, приятный, с дегустационной оценкой 4,2 балла. В плодоношение деревья вступают на 3-4 год после посадки в сад, средний урожай за первые четыре года плодоношения составил 8,7 кг/дер. Зимостойкость дерева хорошая. Устойчивость к коккомикозу средняя. К монилиозу сорт имеет повышенную устойчивость.</p>', '1'),
(25, 7, 1, '<p>Плоды созревают в средние сроки. Деревья среднерослые, с округлой, средней густоты, компактной кроной. Однолетние ветви средней толщины, с серым налетом. Листья крупные, темно-зеленые, плотные. Плоды массой 3,5 г, от округлых до округло-сердцевидных, темно-красные. Мякоть темно-красная, очень хорошего гармоничного вкуса, сок интенсивно красный. Косточка крупная, удлиненно-яйцевидная. Плодоносить начинает на 3-4-й год после посадки. В средней полосе характеризуется повышенной зимостойкостью. Продуктивность 10-12 кг с дерева. Плоды универсального использования.</p>', '1'),
(26, 7, 1, '<p>Плодовое низкорослое дерево высотой до 3 метров. Форма кроны широкая и раскидистая. Плодоносит на однолетних ветвях. Плоды округлые, темно-красные. Цветение происходит в конце мая. Мякоть плотная, темно-красная, приятного кисло-сладкого вкуса и шоколадным привкусом. Созревание плодов в конце июля - начале августа. Урожайность средняя. Почвы предпочитает легкие, плодородные. Не переносит застоя воды и близкого залегания грунтовых вод.</p>', '1'),
(27, 7, 1, '<p>Сорт среднего срока созревания. Дерево среднерослое, быстрорастущее, с пирамидальной, средней густоты кроной. Плоды средние (масса 3,6-4,1 г), сердцевидные с округлей вершинкой, темно-красные, покровные точки отсутствуют. Косточка средняя, круглая, отделяется от мякоти хорошо. Мякоть плода темно-красная, с темно-красным соком, средней плотности, сочная, нежная. Характер вкуса кисло-сладкий с преобладанием сахара. Сорт универсального назначения с высокими технологическими качествами плодов. Транспортабельность хорошая. Сорт самоплодный. Дерево зимостойкое, засухоустойчивое, со средней устойчивостью к коккомикозу.</p>', '1'),
(28, 7, 1, '<p>Сорт среднего срока созревания. Дерево среднерослое, с широкоокруглой приподнятой кроной, средней густоты. Плоды выше средней величины, массой 3,5-4,1г, темно-красные, покровные точки отсутствуют. Косточка средняя, свальная, отделяется от мякоти хорошо. Мякоть плода темно-красная, с темно-красным соком, плотная, сочная. Характер вкуса &ndash; десертный с высокой сладостью и ниже средней кислотностью. Транспортабельность хорошая. Сорт скороплодный &ndash; начало плодоношения на 3-4 год. Урожайность регулярная, 50-60 ц/га. Дерево высокозимостойкое, засухоустойчивое, с высокой полевой устойчивостью к коккомикозу . Сорт самобесплодный.</p>', '1'),
(29, 7, 1, '<p>Созревание плодов среднее (5-15 июля). Дерево высотой около 3 м, древовидного типа, крона обратно-пирамидальная, приподнятая. Зимостойкость дерева высокая, цветковых почек выше средней. Хорошая устойчивость к коккомикозу и монилиозу. Плоды крупные, массой 4,5 г, широкосердцевидные, темно-бордовые. Мякоть темно-красная, сочная, плотная, сок темно-красный. Вкус кисловато- сладкий, приятный. Косточка хорошо отделяется от мякоти. В плодоношение вступает на 5 год. Частично самоплодный. Урожайность высокая.</p>', '1'),
(30, 7, 1, '<p>Сорт среднего срока созревания. Районирован по Центрально-Черноземному региону в 1998 г. Деревья средней величины, крона шаровидная, средней густоты. Зимостойкость высокая. Урожайность выше средней. Плоды крупные массой 5,0 г, . Основная окраска плода темно &ndash; красная. Кожица средняя, без опушения. Мякоть оранжевая, нежная. Сок светло- красный. Вкус плодов 4,8 балла, кисло - сладкий. Отрыв от плодоножки сухой. Транспортабельность средняя. Сорт универсального назначения. Частично самоплодный.</p>', '1'),
(31, 7, 1, '<p>Сорт самоплодный. Созревание плодов среднее. Районирован по Центральному региону с 1996 г. Деревья низкорослые, высотой 2-2,5 м, средней густоты. Плоды массой 3,5 г, темно-красные, почти черные. Мякоть темно-красная, средней плотности, вкус кисло-сладкий, очень хороший, сок темно-красный. Косточка отделяется. В плодоношение вступает на 4 год. Урожайность выше среднего. Зимостойкость хорошая. Сорт засухоустойчив.</p>', '1'),
(33, 7, 1, '<p>Летний сорт получен во ВНИИГиСПР им. И. В. Мичурина. Дерево среднерослое, быстрорастущее, со слегка пониклой кроной. Плоды среднего размера, массой 100-140 г, удлиненно-грушевидные. Кожица нежная и гладкая. Окраска в момент съемной зрелости: основная зеленоватая, покровная &ndash; розовая в виде легкого загара. Мякоть белая, нежная, средней плотности, мелкозернистая, очень сочная, без терпкости и грануляций, вкус сладкий. Дегустационная оценка 4,5 балла. Сорт характеризуется относительно высокой зимостойкостью. Обладает высокой устойчивостью к резким перепадам температуры после оттепели, а также цветков к поздневесенним заморозкам. Устойчив к грибным болезням.</p>', '1'),
(34, 7, 1, '<p>Зимний, высокоурожайный сорт, плоды хранятся до нового года. Характеризуется высокой зимостойкостью. Не повреждается паршой, септориозом и энтомоспориозом. Дерево низкорослое, с компактной узкопирамидальной, редкой кроной. Плоды крупные175-250 г, некоторые до 350 г, широкогрушевидные, гладкие, правильной формы. Кожица средняя, сухая, с оржавленной сеточкой. Основная окраска зеленая, покровная - красная по меньшей части плода. Мякоть кремовая, средней плотности, нежная, мелкозернистая, сочная, вкус приятный, кисловато-сладкий со слабым ароматом. Дегустационная оценка 4,3 балла.</p>', '1'),
(35, 7, 1, '<p>Отличается скороплодностью, высокой стабильной урожайностью, высокой зимостойкостью, нетребовательностью к условиям выращивания. Достаточно засухоустойчив. Термическим ожогом листья не поражаются. Плоды и листья устойчивы к парше. Цветет в поздние сроки. Цветки устойчивы к возвратным весенним заморозкам. Дерево среднерослое. Вступает в плодоношение на 5-6-й год, а привитое на айве &mdash; на 3-4-й. Плоды крупные, одномерные, весом 200- 400 г, желто-зеленые с румянцем на солнечной стороне. Мякоть кремовая, сочная, маслянистая, отличного вкуса. Оценка &mdash; 4,75-5 баллов. &nbsp;Плоды снимают в середине &mdash; конце сентября. В холодильнике при 1-2 градусах сохраняются до января, не теряя вкусовых качеств.</p>', '1'),
(36, 7, 1, '<p>Сорт раннезимнего срока потребления. Зимостойкость средняя. Слабо поражается болезнями. Урожайность высокая, ежегодная. Деревья низкорослые, крона поникшая. Плоды крупного размера (масса 200 граммов), округлогрушевидной формы. Окраска в момент съемной зрелости &ndash; зеленая, покровная в виде размытого тусклого румянца. Мякоть плодов кремовая, сочная, плотная, сладкая, с ярко выраженным ароматом, очень хорошего вкуса. Съемная зрелость плодов наступает в середине сентября. Плоды хранятся до января.</p>', '1'),
(37, 7, 1, '<p>Осенний срок созревания плодов. Дерево сильнорослое, форма кроны пирамидальная. Плоды крупные, удлиненно-грушевидной формы, бугристые. Кожица средней толщины со слабым восковым налетом.Основная окраска зеленоватая с размытым красноватым румянцем. Мякоть белая, очень сочная, средней плотности, полумаслянистая, кисловато-сладкого вкуса с небольшим ароматом. Съемная зрелость плодов наступает в конце августа и плоды хранятся до 1,5 месяцев. Опылители - сорта среднего срока цветения, лучший - Любимица Яковлева. Плоды не поражаются паршой. Сорт груши Красавица Черненко районирован в Центральном регионе. Недостатки сорта - высокие деревья, позднее начало плодоношения. Расстояние между растениями в группах 3-4 метра. Корневая шейка на 2-3 см выше уровня почвы. Как правило, после посадки происходит оседание и уплотнение грунта, в связи с этим необходимо производить посадку на глубину, при которой корневой ком будет на 10-20 см выше рекомендуемой.</p>', '1'),
(38, 7, 1, '<p>Ультра-раннего срока созревания. Зимостойкость высокая, устойчив к парше. Скороплодный. Урожайность очень высокая. Дерево среднерослое. Плоды среднего размера, массой, 100-120 граммов, широкогрушевидно формы, поверхность гладкая. Кожица тонкая, основная окраска светло-желтая, покровная &ndash; ярко-красная, занимает менее половины плода. Мякоть жетовато-белая, сочная, нежная, мелкозернистая, среднеплотная, кисловато-сладкого вкуса, очень ароматная. Достоинства сорта: скороплодность, высокая зимостойкость и урожайность, устойчивость к парше.</p>', '1'),
(39, 7, 1, '<p>Груша сорта Осенняя Яковлева вырастает крупной, рослой, широкораскидистой, со временем некоторые побеги поникают, формируя живописную округлую крону. Растет дерево очень быстро и в короткие сроки может занять большую территорию на участке, за что не все садоводы любят этот сорт. Но во многих других отношениях эта груша замечательна, она славится за хороший вкус мякоти: груши сладкие, нежные настолько, что тают во рту, имеют немного маслянистую мягкую консистенцию. Во вкусе нет и признаков терпкости, а кислинка очень легкая, освежающая и приятная, поэтому дегустационная оценка у Осенней Яковлева высокая, до 4,9 баллов. Спеют первые груши на дереве во второй половине августа и продолжают созревать всю первую половину осени, вплоть до конца октября. Это не самая морозостойкая груша, но в условиях Московской области зимы выдерживает неплохо. Так же хорошо она может переносить и довольно продолжительную засуху, не требуя аккуратного отношения к поливу. Осеннюю грушу Яковлева может поражать парша, а к остальным болезням сорт имеет среднюю устойчивость. Груша самоплодна, но можно использовать и опылители для лучшего урожая.</p>', '1'),
(40, 7, 1, '<p>Раннеосенний сорт получен ВНИИ генетики и селекции плодовых растений им. И.В.Мичурина. Зимостойкость высокая. Устойчив к парше. Урожайность высокая. Скороплодный. Дерево небольшое, быстрорастущее, средней густоты, с округлой кроной. Плоды средние &ndash; 150 г. Кожица блестящая. Окраска в момент съемной зрелости: основная светло-желтая, покровная в виде легкого загара по меньшей части плода. Мякоть кремовая, сочная, сладкая, полумаслянистая, без терпкости, с приятным ароматом. Вкус очень хороший, кисловато-сладкий.</p>', '1'),
(41, 7, 1, '<p>Ультра-раннего срока созревания. Районирован в Центральном и Средневолжском регионах. Дерево высокорослое, быстрорастущее, крона пирамидальная, средней густоты. Плоды ниже-средней величины &ndash; 70-90 г., яйцевидные, правильной формы. Окраска зеленовато-желтая в период зрелости &ndash; желтая. Мякоть нежная, сочная, кисло-сладкая, со слабым ароматом, без терпкости и грануляций. Достоинства сорта: очень раннее созревание плодов, высокая зимостойкость, урожайность, устойчивость к парше.</p>', '1'),
(42, 7, 1, '<p>Позднелетнего срока потребления. Зимостойкость высокая. Устойчив к парше. Урожайность высокая, ежегодная. Скороплодный. Плоды среднего размера, массой 120-140 грамм, удлиненно-грушевидной, вытянутой формы, поверхность гладкая. Окраска желто-зеленая. Мякоть светло-желтая, или почти белая, плотная, сочная, полумаслянистая, тающая, слабоароматная, очень хорошего кисло-сладкого вкуса. Достоинства сорта: высокая зимостойкость, скороплодность, хороший внешний вид и вкус плодов.</p>', '1'),
(43, 7, 1, '<p>Зимний сорт. Урожайность высокая. Сорт характеризуется высокой зимостойкостью (до -38 с). Обладает устойчивостью к парше и энтомоспориозу. Дерево среднерослое, с пирамидальной кроной средней густоты. Плоды среднего и выше среднего размера, массой 130-210 г, удлиненно-грушевидные, гладкие, правильной формы. Основная окраска зеленоватая, покровная красная по меньшей части плода. Мякоть кремовая, средней плотности, нежная, полумаслянистая, сочная, с незначительным количеством грануляций, вкус кисловато-сладкий. Дегустационная оценка 4,5 балла.Сорт хранится до мая.</p>', '1'),
(44, 7, 1, '<p>Сорт с высокотоварными плодами зимнего срока потребления. Зимостойкость средняя. Паршой поражается слабо. Урожайность высокая. Плоды среднего размера &ndash; 150 г., широкогрушевидной формы. Основная окраска зеленая. Покровная в виде легкого буровато-красного загара. Мякоть плодов белая, колющаяся, сочная, сладкая. Съем проводят в середине сентября, хранится до января.</p>', '1'),
(46, 7, 1, '<p>Клубника сорта Альбион имеет отличительные особенности. Благодаря стараниям американских ученых, выведших ее в 2006 году, клубника устойчива к погодным изменениям, болезням и гнили. При этом переносит морозы и не терпит жары, при высоких температурах может полностью перестать плодоносить, при избытке влаги ягоды будут безвкусные. От других ремонтантных сортов отличается невероятной урожайностью, плоды можно собирать до осени. С одного небольшого кустика можно получить до 2-х кг клубники за сезон! Любит много солнца и света, в условиях средней полосы и дальше к северу урожайность может быть в два раза ниже, чем в южных регионах. Ягоды вырастают крупные, глянцевые, с розовой мякотью, прекрасно переносят длительные перевозки. Чтобы сохранить урожай усы нужно оставлять только от самых лучших молодых кустов. Если усов слишком мало, а этот сорт не дает их большого количества, то можно вырастить новую рассаду из семян. &nbsp;Клубнику сорта Альбион удобнее выращивать в закрытом грунте, т.к. последний пик урожая приходится на заморозки, и он может пропасть без укрытия. Высокая урожайность требует щедро удобренной почвы, особенно перегноем. Устойчивость к болезням избавляет от обработки химикатами, но опрыскать растение фитоспорином и раствором йода для профилактики не помешает.</p>', '1'),
(47, 7, 1, '<p>Первоклассный ранний сорт французской селекции с очень крупными плотными ягодами, насыщенно-кирпично-красного цвета с классическим вкусом земляники. Сорт пригоден для выращивания даже в очень жарком климате. Минимальные затраты сил на сбор урожая, так как ягоды очень крупные, вес отдельных плодов до 70 гр. Мощное выносливое растение устойчиво к заболеваниям корней. Недостатков у данного сорта не выявлено.</p>', '1'),
(48, 7, 1, '<p>Непревзойденный ремонтантный сорт. Плодоносит с мая по ноябрь. Урожайность за сезон очень высокая, до 10 кг/кв.м. Моростойкость хорошая. Ягода крупная и очень крупная, до 100 граммов, разной формы от короновидной до округлой. Вкус очень хороший, десертный. Требует повышенной агротехники и ухода.</p>', '1'),
(49, 7, 1, '<p>Сорт голландской селекции. Урожайность высокая. Ягоды выше среднего размера. Окраска пурпурно-красная, с сильным блеском. Мякоть ярко-красного цвета, ароматная, приятного кисло-сладкого вкуса. Чашечка легко отделяется. Ягоды не восприимчивы к серой гнили. Зимостойкость растения довольно хорошая. Сорт транспортабельный, не течет.</p>', '1'),
(50, 7, 1, '<p>Голландский сорт. Ягоды от среднего до большого размера, одномерные, ярко-красные с сильным блеском, плотные, сочные. Мякоть от ярко-розовой до ярко-красной, ароматная. Урожайность высокая.Транспортабельность хорошая. Чашечка легко отделяется. Растение невосприимчиво к болезням корневой системы, и мучнистой росы. Зимостойкость выше средней.</p>', '1'),
(52, 7, 1, '<p>Среднеранний сорт. Куст сильнорослый, полураскидистый, слабошиповатый.. Ягоды мелкие (1,5-3,5 г), округлой или округло-овальной формы, при полном созревании почти черные с сильным восковым налетом, неопушенные, с кожицей средней толщины. &nbsp;Мякоть удовлетворительного кисло-сладкого вкуса.</p>', '1'),
(53, 7, 1, '<p>Сорт среднего срока созревания. Куст компактный с длинными слабошиповатыми побегами. Ягоды среднего размера (на молодых ветвях они могут быть довольно крупными &mdash; 6&ndash;7 г), ярко-красные, очень красивые, ароматные, вкусные.</p>', '1'),
(54, 7, 1, '<p>Кустарник среднерослый, достигает 1,3 м в высоту, довольно раскидистый, средняя шиповатость;ягоды круглые, весом 5-6 г, зеленого цвета, неопушенные, с легким налетом воска, большое количество семян, кожица тонкая с сильным жилкованием;по вкусу плоды кислые, имеют насыщенный ягодный аромат;каждая ягода содержит 8,6 % сахаров, аскорбиновую кислоту от 23 до 40,8мг/100г, титруемая кислотность в пределах 2%;сорт среднераннего созревания, имеет продолжительный период плодоношения;показатели урожайности средние, с одного куста удается собрать до 4кг ягод;не подвергается воздействию американской мучнистой росы;отличная зимостойкость, не боится резкой смены температур;транспортабельность высокая, универсальное назначение.</p>', '1'),
(55, 7, 1, '<p>Ранний сорт. Куст среднерослый, полураскидистый, слабошиповатый. Ягоды крупные (5 г и более), округлой формы, светло-зелёные, при полном созревании &mdash; розоватые, с прочной кожицей, плотной мясистой мякотью приятного вкуса.</p>', '1'),
(56, 7, 1, '<p>Ягоды довольно крупные, темно-красные. Средний вес первых сборов 14-22 г. По первым трем сборам - 10,3 г. По форме ширококонические, слаборебристые, с короткой шейкой. Последующие ягоды округло-конические. Мякоть розовая, довольно плотная, содержит много Сахаров при умеренной кислотности. В ягодах 9,3 % Сахаров; 0,95 кислоты; 44 мг% витамина С. Используют в свежем виде и для изготовления высококачественного варенья. Куст Куст высокий, компактный. Листья некрупные, слегка морщинистые, зеленые, со слабым блеском. Зубчики заостренные, среднего размера. Поверхность долей слегка вогнутая. Средние доли листа удлиненные, овально-ромбические. Цветоносы расположены значительно выше листьев. Соцветия полураскидистые, многоцветковые. Цветоножки тонкие, с прижатым опушением. Цветки мелкие, чашевидной формы, со слегка изогнутыми лепестками, обоеполые. Достоинства сорта: высокие вкусовые качества; высокая урожайность; зимостойкость; универсальность использования ягод; сравнительная устойчивость к белой и угловатой пятнистости листьев</p>', '1'),
(57, 7, 1, '<p>Срок созревания средний, куст компактный, высокорослый, с непоникающими ветвями. Урожайность и зимостойкость сорта высокая. Можно с одного куста получать порядка 10-12 килограмм. Средней величины ягоды (до 4 грамм), черной окраски с приятным столовым вкусом. Сорт является устойчивым к мучнистой росе. Практические бесшиповые кусты.</p>', '1'),
(58, 7, 1, '<p>Поздний сорт. Куст сильнорослый, компактный, слабошиповатый. Ягоды средних размеров ( 4 г), зелено-желтые, овально-грушевидной формы, с восковым налетом. Вкус хороший.</p>', '1'),
(59, 7, 1, '<p>Среднепоздний сорт. Куст сильнорослый, компактный, среднешиповатый. Ягоды некрупные (3 г), округло-овальной формы и овальные, темно-красные, при полном созревании черные, тонкокожие, с восковым налетом, без опушения. Мякоть сладкая. Дегустационная оценка 4,3 балла.</p>', '1'),
(61, 7, 1, '<p>Ремонтантная малина Пингвин выделяется, прежде всего, формой куста. Невысокий, в среднем до 1,4 метра, он обладает довольно мощными и упругими побегами, создатели причисляют его к штамбовому типу. Однолетние побеги покрыты слегка загнутыми шипами, которые на второй год значительно редеют. Правда, поскольку данный сорт чаще всего выращивается в однолетнем цикле, побеги второго года наблюдать можно редко.Указанные особенности, придают кусту очень стройный и декоративный вид. Этот эффект дополнительно усиливается во время созревания урожая: ягоды будто выныривают наружу из плотно сбитого куста.</p>', '1'),
(62, 7, 1, '<p>Оранжевое чудо - это крупные плоды неординарного золотисто-оранжевого цвета. Благодаря нестандартному оттенку малины, и появилось ее название. Доля осеннего урожая в общем сборе составляет около 70%. В последнее время многие садоводы и фермеры предпочитают выращивать ремонтантные сорта малины, срезая все побеги после осеннего плодоношения. Тем самым сводится к минимуму вероятность заражения малины паразитами, растения меньше страдают от болезней. Данный сорт малины подходит для низкозатратного экологически чистого способа культивации. Отличается щедрым стабильным урожаем.</p>', '1'),
(63, 7, 1, '<p>Высокоурожайный и транспортабельный, что даёт ему перспективы для товарного производства. Имеет средний срок созревания, универсален. Также характеризуется высоким коэффициентом размножения.Плоды удлиненные, цилиндрические, имеют правильную форму. Ягоды имеют массу от 4,2 до 5,6 гр. Максимальная масса может достигать 8 гр. Они яркого рубинового цвета с очень нежной, кисло-сладкой на вкус мякотью.Созревать начинает в средних числах августа, обладает высокой урожайностью. Автором было заявлено, что с одного куста можно собрать минимум 2,5 кг ягод, а с гектара примерно 15 тонн. Зона плодоношения занимает более половины общей длины побегов. Продолжительное плодоношение с потенциальной урожайностью в 80&ndash;90% реализуется до осенних морозов.Рубиновое ожерелье растет в виде среднерослого, слабораскидистого куста высотой 1,3&ndash;1,5 метра. Обладает средней силой роста, способность образовывать побеги тоже средняя. Обычно выдает около семи побегов замещения. Годичные побеги в конце вегетационного периода приобретают красно-пурпурный окрас, как и шипы на них. Двухгодичные стебли становятся прямыми, светло-коричневого цвета. Количество шипов среднее, они имеют загнутую вниз форму и расположены по всему стеблю. Листва среднего размера, не слишком скрученная и морщинистая. Плодоносящие ветки расположены по бокам, среднеопущенные и имеют восковой налёт. Цветы, как и чашелистики, средних размеров с обычным количеством пушка. Высокопродуктивный ремонтантный сорт малины. Ягоды крупные (средняя масса 4,5-5,5 г, максимальная &ndash; 8,4 г), красивой удлиненно-цилиндрической формы, ярко-рубинового цвета, плотные, прочно сцеплены с плодоложем. ягоды кисло-сладкого, освежающего вкуса, пригодны для потребления в свежем виде и всех видов переработки, в том числе и для глубокой заморозки. Продуктивность высокая &ndash; до 2,3-2,8 кг ягод с куста. Начало созревания &ndash; середина августа и продолжается до заморозков.</p>', '1'),
(65, 7, 1, '<p>Созревание плодов в ранние сроки . Дерево среднерослое, до 2,5 м. Плоды массой 25-35г, округлой формы. Окраска плода красная, покровная красная, подкожных точек нет. Мякоть желтая, нежная, сочная, тающая, сок бесцветный. Косточка округло-эллиптическая, от мякоти отделяется хорошо. Внеший вид плодов 4,4 балла. Вкус - 4,2 балла. В плодоношение вступает на 5 год. Сорт частично самоплодный. Относительно устойчив к клястероспориозу. Зимостойкость дерева высокая, цветковых почек выше средней. Урожайность очень высокая.</p>', '1'),
(66, 7, 1, '<p>Созревание плодов в ранние сроки. Дерево средней силы роста, высотой до 2,5 м. Крона пирамидальная, раскидистая, приподнятая, средней густоты. Плоды массой 40-43 г, округлой формы. Окраска плода красная, подкожных точек много. Мякоть желтая, средняя, сочная, волокнистая, сок бесцветный. Внешний вид плодов оценивается на 4,5 балла. Дегустационная оценка плодов в свежем виде 4,4 балла. Отрыв плодов от плодоножки хороший. Плоды устойчивы к растрескиванию. Сорт столового назначения. В плодоношение вступает на 3 год. Сорт самоплодный. Устойчив к клястероспориозу. Урожайность выше средней . Зимостойкость дерева и цветковых почек высокая.</p>', '1'),
(68, 7, 1, '<p>Багира дает относительно крупные ягоды с лёгкой кислинкой. Мякоть нежная, сочная, довольно сладкая и ароматная. Кожура тёмная, глянцевая, плотной структуры. Ягоды созревают одновременно, имеют круглую, или овальную форму. Вес одной ягоды 1.1&ndash;1.6 гр. Обладают высоким содержанием витамина С и пектиновых веществ. При сборе с лёгкостью отделяются не лопнув. Собранные ягоды способны пролежать долгое время, сохранив целостность и не утратив при этом товарный вид.Багира быстро вырастает и даёт ощутимый урожай уже через один, или два года после посадки. Способна приносить 3,0 &ndash; 4,5 кг с одного куста. Относится к среднеспелым, среднепоздним и самоплодным сортам. Быстро вступает в плодоношение.Обладает средней устойчивостью к вредителям, но благоприятно переносит изменения окружающей среды. Прекрасно переносит как морозы, так и жару.</p>', '1'),
(69, 7, 1, '<p>Один из лучших сортов черной смородины среднего срока созревания (10-15 июля). Куст сильнорослый (1,2 м), среднераскидистый (1,25 м), имеет округлую форму. Листья крупные, светлой желтовато-зеленой окраски. Плодовые кисти средней длины &mdash; до 7 см. Ягоды крупные, овально-округлые, блестящие, буровато-темной окраски, вес ягоды &mdash; от 0,7 до 1 г.Ягоды содержат высочайшее количество аскорбиновой кислоты. Сорт самоплодный, завязывание ягод составляет 71,7%, урожайность высокая, зимостойкость тоже. Устойчив к грибным заболеваниям.</p>', '1'),
(70, 7, 1, '<p>Ягоды данного сорта имеют темный красный цвет, почти вишневый, за что многие из тех, кто его выращивал, называют сорт гранатовым. Произрастают плоды на достаточно длинных (до 10 сантиметров) кистях. На вкус они кисло-сладкие, имеют сильный, устойчивый аромат. Одна ягода весит в пределах 0,7 - 0,8 грамм. Для переработки, или для производства варенья и джема этот сорт прекрасно подходит, но длительное хранение переносит плохо.Урожайность Виксне, при хорошем уходе, может составить до 10 килограмм с куста. Хорошо то, что это морозостойкое растение, которое, к тому же, может выдерживать долгую засуху. Правда, из-за того, что оно очень рано цветет, порой происходит подмерзание цветочных почек, что, в зависимости от степени поражения, может значительно снизить урожайность в текущем сезоне.</p>', '1'),
(71, 7, 1, '<p>Сорт с поздним сроком созревания плодов. Кустарник с широкой, раскидистой кроной. Кисти &nbsp;длинные, до 12 сантиметров. На одной ветке может располагаться до 10-15 ягод. Выведен как десертный сорт. На вкус плоды сладкие, с приятным нежным ароматом. Превосходно подходят как для использования в свежем виде, так и для консервации. Этот сорт можно замораживать, вкусовые качества и полезные свойства от этого никак не страдают. &nbsp;Самоплодный и высокоурожайный сорт смородины столовой. &nbsp;Любит солнечные места, не переносит застоя воды. &nbsp;Для получения лучшего урожая лучше выращивать Геркулес на суглинистой или супесчаной почве. &nbsp;Раз в год, перед наступлением холодов необходимо проводить санитарную обрезку.</p>', '1'),
(72, 7, 1, '<p>Выведена Селеченская смородина была в Брянске, во Всероссийском НИИ люпина. К основным достоинствам сорта можно отнести: очень крупные плоды (1.7-3.3 г); нетребовательность к составу почвы; приятный вкус ягод (дегустационная оценка &ndash; 4.7 балла); устойчивость к заморозкам, засухе и низким зимним температурам; большое содержание витамина С в плодах; невосприимчивость к мучнистой росе.&nbsp;</p>', '1'),
(73, 7, 1, '<p>Среднего срока созревания, универсального назначения. Куст высокорослый, среднераскидистый. Кисти средней длины, 5-7 см. Ягоды крупные, 1,4-1,6 г, округлые, неодномерные, черные, со средним количеством семян яйцевидной формы, вкус кисло-сладкий (4,6 балла), назначение универсальное. Сорт скороплодный, пригоден для механизированной технологии возделывания, средняя урожайность 12,9 т/га (3,9 кг/куст). Местоположение: солнце, полутень. Почва: не требовательна к плодородию почвы, но для получения высоких стабильных урожаев лучше выращивать на хорошо обеспеченных влагой плодородных суглинистых или супесчаных почвах легкого механического состава. Устойчивость к условиям среды и болезням: зимостойкий. Устойчив к мучнистой росе и листовым пятнистостям. Использование: ягоды чрезвычайно ценны по обилию в ягодах витамина C. Из ягод готовят кисели, сиропы, соки, настойки, вина, ликёры, варенье, желе, пастилу, йогурты, начинки для конфет. Ценное лекарственное растение.</p>', '1'),
(74, 7, 1, '<p>Особенностью ягоды является высокий уровень содержания пектинов, что позволяет ее употреблять не только в виде желе или варенья, но и в целебных целях для лечения нарушений обменных процессов в организме. Концентрация содержания витамина С составляет 137-180 мг %, что является одним из наиболее высоких показателей среди других видов.Кусты среднерослые и редкооблиственные. Их побеги изогнутые, коленчатые, листья светло-зеленые, с тремя лопастями. Размер плодовых кистей в длину составляет от 4 до 7 см. Ягоды округлой формы с крупностью в 1,3-1,5 г, имеют густо-черный цвет и твердую кожицу.</p>', '1'),
(76, 7, 1, '<p>Ягоды имеют средние размеры. Чаще всего встречаются размерами от 4,7 до 7,1 грамм. Высота созревшей ягоды составляет в среднем 2,1 сантиметра, ширина ее равна 2 сантиметрам, а толщина - 1,9. По форме черешни данного сорта широкосердцевидные. Соответственно, верхушка плодов округлая, а их основание - плоское. По внешнему виду они насыщенно темно-красные, очень привлекательные, имеют высокий товарный вид. Размеры дерева черешни &laquo;Бряночка&raquo; средние. Черешня &laquo;Бряночка&raquo; отличается очень высокими урожаями. Главным недостатком черешни &laquo;Бряночка&raquo; является то, что этот сорт относится к стерильным, то есть, не способным к самоопылению. Поэтому, вместе с &laquo;Бряночкой&raquo; на участке рекомендуется высаживать такие сорта черешен, как &laquo;Тютчевка&raquo;, &laquo;Ипуть&raquo;, &laquo;Веда&raquo;. Данный сорт черешни, ягоды которого дозревают достаточно поздно относительно других сортов</p>', '1'),
(77, 7, 1, '<p>Позднего срока созревания. Деревья со сдержанным ростом, прочной кроной средней густоты. Плоды средней массой 4 г., максимальной 5,5 г, округлые, воронка средняя, верхушка округлая, окраска розовая. Мякоть желтая, плотная, сок не окрашен. Плоды сладкие, сочные, вкус 4,5 балла, устойчивы к растрескиванию. &nbsp;Вступает в плодоношение на 5 год. Зимостойкость дерева и цветковых почек хорошая. Устойчивость к коккомикозу, клястероспориозу, монилиозу высокая.</p>', '1'),
(78, 7, 1, '<p>Плоды среднего срока созревания. Дерево сильнорослое, крона широкоокруглая, средней густоты. Плоды массой 5 гр., округлые от светло- красного цвета до темно-красного, мякоть светлая, плотная, вкусовые качества хорошие. Растение вступает в плодоношение на 4-5 год. Морозостойкость сорта очень высокая. Урожайность высокая.</p>', '1'),
(79, 7, 1, '<p>Дерево среднерослое, зимостойкость хорошая. Сорт урожайный. Плоды среднего срока созревания, ниже среднего и среднего размера (3&ndash;4 г), розовой окраски. Сорт очень хорош для переработки.</p>', '1'),
(80, 7, 1, '<p>Сорт выведен во Всероссийском НИИ люпина. Дерево средней величины, с широкопирамидальной, хорошо облиственной кроной. Плод средней массой 5,3 г, максимальной 9,7 г, форма тупосердцевидная, окраска темно-красная, при полном созревании почти черная, мякоть и сок темно-красные, мякоть средней плотности. Косточка яйцевидной формы, масса 0,27 г, 5,1% от массы плода. Плоды красивые, сочные, сладкие, вкус 4,5 балла, отрываются от плодоножки хорошо. Вступает в плодоношение на 4-5 год.</p>', '1'),
(81, 7, 1, '<p>Среднепоздний сорт. Дерево относительно сильнорослое, зимостойкость высокая. В пору плодоношения вступает рано, урожайность высокая. Плоды массой 4-4,5г, широкояйцевидной формы,и темно-красного цвета. Мякоть темно-красная, слегка волокнистая, сочная, нежная, очень хорошего вкуса. Плоды поспевают в середине июля и, не теряя вкусовых качеств, могут висеть до начала сентября.</p>', '1'),
(82, 7, 1, '<p>Раннего срока созревания. Дерево небольшое, быстрорастущее, крона шаровидная, слегка приподнятая, густая. Плод: средняя масса 4,2 г, максимальная 6,7 г, округлые, темно-красные, мякоть и сок темно-красные, плодоножка средней длины и толщины, отделяется от плода хорошо. Косточка яйцевидная, отделяется от мякоти хорошо. Плоды красивые, сочные, сладкие, вкус 4,6 балла, отрыв сухой, не растрескиваются, универсального назначения. Вступает в плодоношение на 4-5 год. Зимостойкость хорошая. Устойчивость к коккомикозу и монилиозу высокая, клястероспориозу &ndash; выше средней. Сорт универсального назначения.</p>', '1'),
(83, 7, 1, '<p>(Среднепозднего срока созревания) Сорт зимостойкий, устойчив к болезням и вредителям. Дерево среднерослое, с пирамидальной средней густоты кроной. Плоды массой 6,8 г, округлые, с темно-красные. Мякоть темно-красная, нежная, плотная, сладкая. В плодах содержится: сухого вещества 17,4%, сахара 10,9%, кислоты 0,6%, витамина С 12,0 мг%. Дегустационная оценка 4,8 балла. В плодоношение вступает на 5-й год. Среднегодовая урожайность ПО ц/га.</p>', '1'),
(84, 7, 1, '<p>Одна из последних новинок селекции М.В. Каньшиной. Брянский сорт среднего срока созревания. Плоды округлые, тёмно-красные, почти черные, довольно крупные (4,5-6г), отличного вкуса. Мякоть плотная, хрящеватая. Сорт устойчив к грибным заболеваниям. Зимостойкость и урожайность высокие.</p>', '1'),
(85, 7, 1, '<p>Выведенный в Брянске высокопродуктивный сорт, срок созревания поздний. Крона дерева редкая, полураскидистая, шаровидная. Размер дерева средний. Плодоносить начинает на 5 год, плоды плотные, крупные. Цвет плода темно-красный, сок светлый, мякоть плотная. Вкус заслужил высокую дегустационную оценку &ndash; 4,9 балла. Удобны в транспортировке.</p>', '1'),
(86, 7, 1, '<p>Плоды среднеранних сроков созревания. Деревья среднерослые, крона округлая, раскидистая, средней густоты, побеги коричнево-бурые, толстые и прямые, листья узкоовальные, заостренные, зазубренность краёв мелкопильчатая. Плоды средней массой 4,4 г, округлые, розово-красные.Мякоть хрящевая, светло-розовая, кисло-сладкого, десертного вкуса. Растения вступают в плодоношение на 5-й год. Зимостойкость хорошая. Характеризуется устойчивостью к грибным болезням, хорошей транспортабельностью плодов и высокой продуктивностью. Сорт десертного использования.&nbsp;</p>', '1'),
(88, 7, 1, '<p>Дерево быстрорастущее, сильнорослое и очень сильнорослое, во взрослом состоянии 7-8 м и выше. Крона овальная с поникающими нижними ветвями, густая, облиственность хорошая.. Цветение наблюдается в раннесредние сроки, сорт самобесплодный. Плоды средней массой 5,6 г, на молодых деревьях до 7-8 г, высота плода 22 мм, ширина 22 мм, толщина 19 мм; форма плода округлая или сердцевидная, средне сплюснут с боков, воронка широкая, мелкая, верхушка плода округлая, остаток пестика в виде точки. Основная окраска плода кремово-желтая, покровная &ndash; яркий розово-красный румянец по всей поверхности, особенно у хорошо освещенных плодов, внешний вид которых очень привлекательный; у плодов, расположенных в тени, покровная окраска слабее. Мякоть кремовая, плотная (бигарро), умеренно сочная, сок бесцветный. Вкус сладкий с небольшой приятной кислотой, простой, дегустационная оценка 4,4 балла. В плодах содержится 18,9% (18,44-19,34%) сухих растворимых веществ, 14,0% (13,53-14,52%) сахаров, 0,59% (0,67-0,50%) титруемых кислот. Плодоножка 42-47 мм длиной, 1 мм толщиной, у полностью зрелых плодов отрыв легкий, сухой. Плоды созревают в среднепоздний срок.</p>', '1'),
(90, 7, 1, '<p>Зимний сорт селекции Казахского института плодоводства (Апорт х Голден Делишес) Деревья зимостойкие, скороплодные, урожайные, не поражаются паршой. Плоды средней величины (140-180 гр.), желтой окраски, с румянцем на солнечной стороне, по форме напоминают сорт Голден Делишес (яблоко-груша). Мякоть кремовая, сочная, сладкая, очень хорошего десертного вкуса, с ароматом Апорта. Дегустационная оценка &ndash; 4,8 балла. Плоды очень прочно держатся на дереве. Потребительская спелость наступает с момента съема плодов. Хранятся до мая. Деревья привитые на карликовый подвой вступают в плодоношение на 2-3 год после посадки. Сорт хорошо зарекомендовал себя во всех регионах. Один из лучших зимних сортов.</p>', '1'),
(91, 7, 1, '<p>Старинный среднерусский сорт ранне-зимнего срока потребления. Плоды хранятся 2-3 месяца. Зимостойкость очень высокая. Урожайность высокая, но не регулярная. Плоды среднего размера - 200 гр. Основная окраска зеленовато-желтая. Мякоть слегка желтоватая, сочная, плотная. Вкус хороший, с избытком кислоты и своеобразным ароматом. Один из самых популярных сортов.</p>', '1'),
(92, 7, 1, '<p>Апрельское &mdash; зимний сорт, полученный на Россошанской плодово-ягодной опытной станции М. М. Ульянищевым от скрещивания американского сорта Мекинтош с Россошанским полосатым. Дерево сильнорослое, в молодом возрасте имеет узкопирамидальную крону, зимостойкое. В пору плодоношения вступает на 6&mdash;7-й год от посадки. Плоды очень крупные, массой до 200 г, выравненные, округло-конической формы, зеленовато-желтые с красивым красным размытым румянцем. Мякоть светло-зеленая, сочная, маслянистая, отличного кисло-сладкого вкуса. Хранятся плоды до апреля &mdash; мая. Плоды сравнительно устойчивы к парше.</p>', '1'),
(93, 7, 1, '<p>Сорт Орловской селекции. Иммунный к парше (ген Vf). Деревья сильнорослые с округлой кроной. Плоды хранятся до января. Зимостойкость высокая. Урожайность высокая. Скороплодность средняя. Плоды средней величины &ndash; 140 г. Кожица нежная, гладкая, зеленовато-желтая с малиновым, полосатым румянцем на большей части плода. Мякоть белая, плотная, с розовыми прожилками, мелкозернистая, сочная. Вкус кисло-сладкий, хороший. &nbsp; &nbsp;</p>', '1'),
(94, 7, 1, '<p>Зимнего срока потребления. Дерево сильнорослое, с редкой раскидистой кроной. Плоды выше средней величины, до 200 г., уплощенно-округлой формы , с небольшим конусом к чашечке, с хорошо заметными ребрами на гладкой поверхности плода. Однотипны. Окраска при съеме светло-зеленая, в процессе хранения становится желтой. На солнечной стороне ярко-красный размытый румянец с заметными штрихами и полосами. Кожица гладкая, но в глубине воронки и за ее пределами опробковевшая (&quot;оржавленная&quot;). Мякоть белая, плотная, кисло-сладкая, приятного вкуса. Деревья начинают плодоносить на 6-7 год (после окулировки) и быстро наращивают урожай. Плодоношение обильное, ежегодное. Средняя многолетняя урожайность в возрасте 9-14 лет &ndash; 57 кг с дерева, в возрасте 12-17 лет &ndash; 80 кг. Зимостойкость средняя, устойчивость к парше высокая.</p>', '1'),
(95, 7, 1, '<p>Выведен В.В.Кичиной. Сорт зимнего срока потребления, плоды хранятся до марта, иммунен к парше, скороплодный. Плоды яркой малиновой окраски, весом 140-250 грамм в зависимости от нагрузки урожаем. Мякоть кремовая, сочная, с приятным ароматом, десертного вкуса. Зимостойкость высокая. На фото изображено плодоношение однолетних деревьев.</p>', '1'),
(96, 7, 1, '<p>Выведен В.В.Кичиной. Сорт летнего срока созревания (третья декада августа), среднеустойчив к парше, выносит морозы &ndash; до &ndash; 42 градусов. Плоды высокотоварные, ярко окрашенные, средним весом 140-150 граммов. Вкус плодов кисло-сладкий, с приятным ароматом. Урожайность высокая.</p>', '1');
INSERT INTO `next_shop_pr2op` (`id_product`, `id_option`, `id_unit`, `value`, `in_list`) VALUES
(97, 7, 1, '<p>Зимний сорт. Дерево среднего роста, крона округлая или плоско-округлая. Плоды правильной формы, одномерные, округлые или округло-конические. Средняя масса плодов &ndash; 115 г, максимальная &ndash; 136 г. Кожица плода нежная, с восковым налетом. Окраска в момент съемной зрелости: основная &ndash; зеленовато-желтая, покровная по большей части поверхности плода в виде ярко-розового румянца. Мякоть плода белая, нежная, мелкозернистая, сочная, кисло-сладкая, со слабым ароматом, весьма хорошего вкуса, дегустационная оценка 4,3-4,5 балла. Плоды имеют высокие товарные и потребительские качества. Плоды предназначены для потребления, в основном, в свежем виде и для консервирования. Зимостойкость выше средней. Устойчивость к грибным болезням и засухе &ndash; выше средней.</p>', '1'),
(98, 7, 1, '<p>К числу преимуществ яблочных деревьев сорта Грушовка можно отнести их отличную морозостойкость и высокую, хотя и нерегулярную урожайность. К явным минусам относится не одновременное созревание фруктов и их относительно малые размеры. Обычно, плоды весят не более 100 г.</p>', '1'),
(99, 7, 1, '<p>Выведен В.В Кичиной и М.В. Качалкиным. Колонна средней силы роста. Сорт позднелетнего &ndash; раннеосеннего срока созревания. Морозостойкость средняя. Урожайность высокая. Вступает в плодоношение в год посадки. Плоды среднего размера - 120-130 граммов, при полном созревании - желтые. Мякоть сочная, приятного сладкого вкуса.</p>', '1'),
(100, 7, 1, '<p>Зимний, иммунный к парше сорт (ген Vf), Всероссийского НИИ селекции плодовых культур. Съемная зрелость плодов наступает в середине сентября, плоды могут сохраняться до середины февраля. Сорт зимостойкий (на уровне Антоновки). Скороплодность высокая, вступает в плодоношение на 3 год после посадки. Урожайность высокая, регулярная. Плоды средней массы - 150г, красивого, ярко-малиного цвета, продолговатой, типично кандилевой формы. Мякоть плодов белая, зеленоватая, нежная, мелкозернистая, сочная. Вкус кисло-сладкий, очень хороший, с приятным ароматом.</p>', '1'),
(101, 7, 1, '<p>Истинно любительский сорт для средней полосы России. Ультрараннего срока созревания. Высокоурожайный, морозоустойчивый, необыкновенного вкуса и высокой сахаристости. Очень любим детьми. Дерево среднерослое. Плоды среднего размера до 140 гр, зеленые, при полном созревании медово-желтые. Мякоть кремовая, мелкозернистая, нежная, очень сладкая и сочная, при перезревании &ndash; медовая. Дегустационная оценка &ndash; 4,9 балла.</p>', '1'),
(102, 7, 1, '<p>Сорт скороплодный, зимнего срока потребления, ежегодно плодоносящий и урожайный. Имеет выше средней зимостойкость в средней полосе. Отличается высокой устойчивостью к засухе. Быстрорастущее, средней высоты дерево, с широкоокруглой разреженной кроной. Основная окраска желтовато-зеленая, почти полностью покрыта полосатым, размытым мраморовидным, малиново-красным румянцем. Плоды крупные до 200 гр., реже средней величины. Поверхность гладкая. Мякоть белая, колющаяся, ароматная. Вкус кисло-сладкий, очень хороший. Сорт предназначен для длительного хранения.</p>', '1'),
(103, 7, 1, '<p>Зимостойкий позднелетний сорт. Плоды средние и крупные &ndash; 100-140 г и до 250 г, округлые, бело-жёлтые с плотной кожицей. Созревают в конце августа и хранятся около месяца. Вкус сладкий с хорошо выраженным медовым привкусом, мякоть белая, сочная, зернистая. Продуктивность высокая &ndash; 5-6 кг с дерева. Сорт скороплодный. Зимостойкость и устойчивость к вредителям и болезням очень высокие.</p>', '1'),
(104, 7, 1, '<p>Известный канадский сорт летнего срока потребления. Плоды хранятся 1-2 месяца. Зимостойкость и засухоустойчивость высокая. В дождливые годы поражается паршой. Урожайность очень высокая, периодичная. Плодоносит на 3-4 год после посадки. Дерево среднерослое, широко оркруглое, раскидистое . Плоды средние, массой 150 г., реже до 250 г., округло-конической, правильной формы. Окраска плодов оранжево-красная, полосатая, на половине поверхности плода. Мякоть белоснежная, сочная, мелкозернистая, средней плотности. Вкус очень хороший, кисловато-сладкий,с конфетной пряностью, ароматный. Сорт хорошо зарекомендовал себя в Центральном и Центрально-черноз.мном регионах России.</p>', '1'),
(105, 7, 1, '<p>Исключительно скороплодный сорт позднеосеннего срока потребления. Вступает в плодоношение на первый год после посадки. Очень урожайный, склонен к перегрузке, требует нормирования. Среднеустойчив к парше. Плоды средние, массой 80 &ndash; 140 граммов, окраска вишневая. Мякоть сочная, колющаяся, очень сладкая, отличного, десертного вкуса. Зимостойкость высокая.</p>', '1'),
(106, 7, 1, '<p>Сорт зимнего срока потребления Орловской селекции. Плоды хранятся до марта, но и съедобны сразу после съема. Зимостойкость выше средней. Урожайность высокая. Устойчивость к парше высокая. Деревья &ndash; природные карлики, с компактной округлой кроной. Плоды средней величины &ndash; 120-140 г., слабоконической формы, интенсивно-красного цвета. Мякоть кремовой окраски, с зеленоватым оттенком, плотная, мелкозернистая, очень сочная, очень ароматная, десертного, кисловато-сладкого гармоничного вкуса.</p>', '1'),
(107, 7, 1, '<p>Новый высокоустойчивый к парше сорт (ген устойчивости Vm) Орловской селекции, летнего срока созревания плодов. Деревья среднерослые. Зимостойкость и урожайность очень высокая. Скороплодность средняя. Плоды крупные &ndash; 150 г, одномерные несколько скошенные, слаборебристые. Кожица плодов гладкая, блестящая, светло-желтая. Покровная окраска на большей части плода в виде ярко-красных полос и размытого румянца. Мякоть плодов кремовая, нежная, очень сочная, кисло-сладкая с сильным ароматом. Вкус хороший, кисло-сладкий.</p>', '1'),
(108, 7, 1, '<p>Старинный Прибалтийский сорт среднего срока потребления. Плоды хранятся до начала декабря. Зимостойкость высокая. Урожайность выше средней. Устойчивость к болезням и вредителям средняя. Дерево высокорослое, крона приподнятая, округлая, средней густоты,(требует регулярной обрезки). Плоды средней величины, иногда крупные &ndash; до 200 г., кожица плотная, окраска оранжево - красная, размытая, с более темными полосками на большей части плода. Мякоть розоватая, нежная, сочная. Вкус кисло-сладкий, очень хороший, с приятным винным привкусом. Очень популярный в средней полосе России сорт.</p>', '1'),
(109, 7, 1, '<p>Осенний сорт. Плоды средние и крупные &ndash; 100-160 и до 300 г, округло-плоские, красивой ярко-красной окраски, блестящие, с плотной кожицей. Созревают в середине сентября, хранятся до декабря. Вкус &ndash; кисло-сладкий, с преобладанием сладкого десертного вкуса, мякоть белая, очень сочная, мелкозернистая. Продуктивность высокая &ndash; 5-6 кг с деревца. Сорт скороплодный, плодоносит с первого года. Зимостойкость высокая. Устойчив к вредителям и болезням.</p>', '1'),
(110, 7, 1, '<p>Позднелетний сорт с привлекательными крупными вкусными яблоками. Плоды средние и крупные &ndash; 100-140 и до 250 г, плоские, насыщенной бело-желтой окраски, блестящие, с плотной тонкой кожицей. Созревают в середине сентября и могут храниться полтора месяца. Вкус плодов кисло-сладкий, десертного типа с хорошо выраженным ароматом, мякоть белая, сочная, мелкозернистая. Продуктивность высокая &ndash; 80-100 т/га или 5-6 кг с деревца. Сорт очень скороплодный, плодоносит с первого года. Зимостойкость высокая. Устойчив к вредителям и болезням.</p>', '1'),
(111, 7, 1, '<p>Зимний сорт селекции Россошанской зональной опытной станции садоводства. Деревья среднерослые, с овальной кроной. Плоды крупные, слабоуплощенной, округло-конической формы, с гладкой поверхностью. Основная окраска кожицы светло-зеленая, при созревании зеленовато-желтая. Подкожные точки среднезаметные. Мякоть светло-зеленая, кисловато-сладкая, со средней ароматичностью, очень сочная, средней твердости, нежная. Внешний вид плода очень привлекательный, вкус отличный. Осыпаемость плодов отсутствует. Лежкость плодов достигает 150 дней. Транспортабельность свежих плодов и товарность их высокие. Деревья вступают в плодоношение рано, на 4-5 год после окулировки в питомнике. Зимостойкость дерева очень высокая.</p>', '1'),
(112, 7, 1, '<p>Сорт позднезимнего срока потребления.( Северный синап Х Память Мичурина). Плоды хранятся до середины апреля. Деревья зимостойкие, сильнорослые, скороплодные, урожаи стабильные по годам. Крона широкораскидистая. Ветви мощные, редкие. К парше сорт сравнительно устойчив. Плоды выше средней величины или крупные до 180 гр., продолговатые. Кожица плодов прочная, гладкая, блестящая. Основная окраска золотисто-желтая с легким. размытым, нежно-красным румянцем на меньшей части плода. Мякоть зеленовато-кремовой окраски, очень сочная, плотная, колющаяся, с гармоничным сочетанием сахара и кислоты. Оценка вкуса плодов &ndash; 4,4-4,7 балла. Сорт хорошо зарекомендовал себя в средней полосе России.</p>', '1'),
(113, 7, 1, '<p>Позднезимний сорт. Дерево крупных размеров, сильнорослое, с широкопирамидальной средней густоты кроной. Плоды средней величины (средний вес 120 г), округло-конической формы или стаканчатые. Кожица гладкая, при хранении становится маслянистой. Основная окраска желтовато-зеленая, покровная &ndash; в виде буровато-красного румянца на освещенной стороне плода. Мякоть белая или слегка зеленоватая, мелкозернистая, кисловато-сладкая, средней плотности, сочная, освежающая, с легкой пряностью. Плоды обладают высокой лежкоспособностью, но снятые недозрелыми &ndash; загораются. Оптимальная температура в холодильнике 0+1&deg;С. Срок потребления в свежем виде заканчивается в мае. Плоды пригодны и для различных видов технической переработки &ndash; компотов, варенья, соков, сухофруктов.</p>', '1'),
(114, 7, 1, '<p>Коричное полосатое относится к раннеосенним сортам яблони. Сорт включен в Госреестр по Центрально-Черноземному, Средневолжскому, Волго-Вятскому, Северному и Северо-Западному регионам. Такое широкое распространение этой яблони в Центральных и Северных областях страны обусловлено, в первую очередь, ее высочайшей зимостойкостью по сравнению с другими популярными сортами средней полосы России. Плоды отличаются небольшим размером и реповидной формой. В момент созревания яблочки имеют зелёный цвет с ярким красным узором, а после сбора, их кожица приобретает желтый оттенок. Срок созревания плодов приходится на последние числа августа &ndash; первые числа сентября. При правильном сборе и хранении урожая, эти яблочки будут Вас радовать до середины зимы.</p>', '1'),
(115, 7, 1, '<p>Сорт ранне-зимнего срока потребления Орловской селекции. Зимостойкость высокая, на уровне Антоновки. Иммунный к четыр.м расам парши (ген Vm). Урожайность очень высокая, регулярная. Склонен к перегрузке урожаем, требуется опора под плодоносящие ветви. Скороплодность высокая, на карликах плодоносит на 3-4 год после посадки. Дерево среднерослое, крона округлая. Плоды вышесреднего размера до 180 г., при перегрузке урожаем не отмечено мельчание плодов. Окраска буровато - красная, иногда т.мно-красная, штриховато-полосатая на большей части плода. Мякоть зеленоватая, плотная, мелкозернистая, сочная, со слабым ароматом. Вкус хороший кисло-сладкий. Дегустационная оценка вкуса плодов &ndash; 4,6 балла.</p>', '1'),
(116, 7, 1, '<p>Новый сорт Орловской селекции летнего срока потребления. Зимостойкость высокая. Иммунный к парше сорт (ген устойчивости Vf). Урожайность высокая, регулярная. Быстрорастущее дерево с округлой формой кроны. Плоды средней величины - 140 гр,, округло-конической формы. Окраска зеленовато-желтая, покрытая малиновыми штрихами и полосами. Мякоть кремовая, плотная, нежная, мелко-зернистая, сочная. Вкус очень хороший кисловато-сладкий. Плоды содержат 20 мг. витамина С.</p>', '1'),
(117, 7, 1, '<p>Сорт зимнего срока потребления. Плоды хранятся до мая. Яблоко среднего размера, 140 граммов, кожица желто-зеленая с красным бочком, хорошего кисло-сладкого вкуса. Мякоть сочная, мелкозернистая, с приятным ароматом. Сорт исключительно урожайный, вступает в плодоношение на 1-й год после посадки, среднеустойчив к парше. Зимостойкость высокая.</p>', '1'),
(118, 2, 6, '900', '1'),
(118, 7, 1, '<p>Размер: 1,0-1,7 м</p>\n\n<p>В наличии: 40 шт</p>', '1'),
(119, 2, 6, '600', '1'),
(119, 5, 1, '30 шт', '1'),
(119, 7, 1, '<p>Размер: стелящийся</p>', '1'),
(121, 2, 6, '1200', '1'),
(121, 5, 6, '25 шт', '1'),
(121, 7, 1, '<p>Размер: 0,3-0,4 м</p>\n\n<p>Кустарниковая , медленнорастущая форма сосны, достигающая после 30лет 2м высотой. Побеги короткие, поднятые, хвоя темно-зелёная, Жёсткая, часто легко скрученная, собранная по две хвоинки. Требования к почве и влаге низкие, может расти в дюнах. Рекомендуется для каменистых садов, для укрепления откосов и выращивания в контейнерах.</p>', '1'),
(122, 2, 1, '500', '1'),
(122, 7, 1, '<p>Размер: 1,0-2,0 м</p>\n\n<p>В наличии: 250 шт</p>', '1'),
(123, 2, 6, '1800', '1'),
(123, 7, 1, '<p>Размер: 3,0-6,0 м</p>\n\n<p>В наличии: 20 шт</p>', '1'),
(127, 2, 6, '800', '1'),
(127, 5, 1, '50 шт', '1'),
(127, 7, 1, '<p>Размер: 0,3-0,4 м</p>', '1'),
(129, 2, 6, '600', '1'),
(129, 5, 1, '50 шт', '1'),
(129, 7, 1, '<p>Размер: 10,5-1,2 м</p>', '1'),
(130, 2, 6, '900', '1'),
(130, 5, 1, '20 шт', '1'),
(130, 7, 1, '<p>Размер: 0,9-1,2 м</p>', '1'),
(131, 4, 6, '900', '1'),
(131, 5, 1, '150 шт', '1'),
(131, 7, 1, '<p>Размер: 1,3-1,7&nbsp;м</p>', '1'),
(135, 2, 6, '800', '1'),
(135, 5, 1, '15 шт', '1'),
(135, 7, 1, '<p>Размер: 06-0,8 м</p>\n\n<p>Карликовый кустарник, с &nbsp;овальной формой кроны. Осенью хвоя приобретает медный оттенок, но весной снова становится золотистой. Растет медленно 8-10 см в год. Наилучшим образом растет и развивается на влажных плодородных суглинках Плохо переносит сухость воздуха, поэтому в жаркие месяцы года она нуждается в регулярном поливе и дождевании. Идеально подходит для небольших садов. Практически незаменима при создании контрастных ландшафтных композиций из растений с различной архитектурой.</p>', '1'),
(136, 2, 6, '900', '1'),
(136, 5, 1, '25 шт', '1'),
(136, 7, 1, '<p>Размер:0,4-0,6 м</p>', '1'),
(138, 2, 6, '1100', '1'),
(138, 5, 1, '30 шт', '1'),
(138, 7, 1, '<p>Размер: 1,0-1,2 м</p>\n\n<p>Один из самых наилучших конических сортов туи, Характеризующийся умеренным ростом, достигающий после 10лет 2,5м высотой. Ветви нежные, темно-зелёного цвета, не коричневые в зимний период. Нужнаетс я вдовольно плодородной и влажной почве. Рекомендуется для живых изгородей. Частота посадки: через 0.5-0.6м.</p>', '1'),
(139, 2, 6, '900', '1'),
(139, 5, 6, '20 шт', '1'),
(139, 7, 1, '<p>Размер: 0,9-1,2 м</p>\n\n<p>Конический сорт туи, характеризующийся умеренным ростом. В возрасте 10лет достигает 2м высотой. Хвоя яркая, золотисто-жёлтая. Рекомендуется для красочных смешанных композиций.</p>', '1'),
(140, 2, 6, '900', '1'),
(140, 5, 1, '30 шт', '1'),
(140, 7, 1, '<p>Размер: низкорослая</p>', '1'),
(142, 2, 6, '800', '1'),
(142, 5, 1, '25 шт', '1'),
(142, 7, 1, '<p>Размер: 1,2-1,5 м</p>', '1'),
(145, 4, 6, '1200', '1'),
(145, 5, 1, '50 шт', '1'),
(145, 7, 1, '<p>Размер: 1,2-1,4 м</p>', '1'),
(149, 2, 6, '1200', '1'),
(149, 5, 1, '15 шт', '1'),
(149, 7, 1, '<p>Размер: 1,2-1,8 м</p>', '1'),
(151, 2, 6, '1500', '1'),
(151, 3, 6, '1800', '1'),
(152, 2, 6, '1000', '1'),
(152, 5, 1, '30шт', '1'),
(152, 7, 1, '<p>Размер: стелящийся</p>', '1'),
(153, 2, 6, '1200', '1'),
(155, 2, 6, '1300', '1'),
(155, 5, 1, '25', '1'),
(155, 7, 1, '<p>Размер: 1,1-1,5м</p>', '1'),
(156, 2, 6, '900', '1'),
(156, 5, 1, '8шт', '1'),
(156, 7, 3, '<p>Размер: 1,0-1,3 м</p>', '1'),
(157, 2, 6, '1800', '1'),
(158, 2, 6, '900', '1'),
(158, 7, 1, '<p>Размер: стелящийся</p>\n\n<p>В наличии: 25 шт</p>', '1'),
(159, 2, 6, '1000', '1'),
(159, 3, 6, '1800', '1'),
(160, 2, 6, '300', '1'),
(160, 7, 6, '<p>Размер: стелящийся</p>\n\n<p>В наличии: 60 шт</p>', '1'),
(162, 2, 6, '1200', '1'),
(162, 5, 1, '30 шт', '1'),
(162, 7, 1, '<p>Размеры: 1.2-1,7м</p>', '1'),
(176, 2, 6, '60', '1'),
(176, 7, 1, '<p>Размер: нискорослое</p>\n\n<p>Есть в наличии: 60 шт</p>', '1'),
(177, 2, 6, '80', '1'),
(177, 7, 1, '<p>Размер: 0,7-1,2 м</p>\n\n<p>Есть в наличии: 55 шт</p>', '1'),
(178, 2, 6, '110', '1'),
(178, 7, 1, '<p>Размер: 0,6-1,2 м</p>\n\n<p>Есть в наличии: 250 шт</p>', '1'),
(180, 2, 6, '300', '1'),
(180, 7, 1, '<p>Размер: 0,5-1,2 м</p>\n\n<p>Есть в наличии: 50 шт</p>', '1'),
(181, 2, 6, '140', '1'),
(181, 7, 1, '<p>Размер: 1,0-1,5 м</p>\n\n<p>Есть в наличии: 50 шт</p>', '1'),
(182, 3, 6, '230', '1'),
(182, 7, 6, '<p>Размер: 1,7-2,5 м</p>\n\n<p>Есть в наличии: 30 шт</p>', '1'),
(183, 2, 6, '100', '1'),
(183, 7, 1, '<p>Размер:0,7-1,3м.</p>\n\n<p>Есть в наличии 45шт</p>', '1'),
(184, 2, 6, '300', '1'),
(184, 7, 1, '<p>Размер:0,4-0,7м.</p>\n\n<p>Есть в наличии 200шт</p>', '1'),
(185, 2, 6, '300', '1'),
(185, 7, 1, '<p>Размер:0,4-0,6м.</p>\n\n<p>Есть в наличии 1000шт</p>', '1'),
(186, 2, 6, '70', '1'),
(186, 7, 1, '<p>Размер:0,6-0,9м.</p>\n\n<p>Есть в наличии 50шт</p>', '1'),
(187, 2, 6, '450', '1'),
(187, 7, 1, '<p>Размер:1,5-2,0м.</p>\n\n<p>Есть в наличии: 200шт</p>', '1'),
(188, 2, 6, '450', '1'),
(188, 7, 1, '<p>Размер:1,0-1,2м.</p>\n\n<p>Есть в наличии: 400шт</p>', '1'),
(189, 2, 6, '120', '1'),
(189, 7, 1, '<p>Размер:0,6-1,3м.</p>\n\n<p>Есть в наличии: 1000шт</p>', '1'),
(190, 2, 6, '250', '1'),
(190, 7, 1, '<p>Размер:0,3-0,5м.</p>\n\n<p>Есть в наличии: 100шт</p>', '1'),
(191, 2, 6, '100', '1'),
(191, 7, 1, '<p>Размер:низкорослая</p>\n\n<p>Есть в наличии: 280шт</p>', '1'),
(192, 2, 6, '200-300', '1'),
(192, 7, 1, '<p>Размер:0,8-1,5&nbsp; Есть в наличии: 500шт</p>\n\n<p>Размер:1,2-1,5 &nbsp;Есть в наличии: 200шт</p>', '1'),
(193, 2, 6, '400', '1'),
(193, 5, 1, '55 шт', '1'),
(193, 7, 1, '<p>Размер:0.5-1,4 м</p>', '1'),
(194, 2, 6, '50', '1'),
(194, 7, 1, '<p>Размер:0.4-0.7м</p>\n\n<p>Есть в наличии: 200шт</p>', '1'),
(195, 2, 6, '120', '1'),
(195, 7, 1, '<p>Размер:0.3-0.6м</p>\n\n<p>Есть в наличии: 150шт</p>', '1'),
(196, 2, 6, '250', '1'),
(196, 7, 1, '<p>Размер:0.2-0.3м</p>\n\n<p>Есть в наличии: 250шт</p>', '1'),
(197, 2, 6, '200', '1'),
(197, 7, 1, '<p>Размер:0.4-0.6м</p>\n\n<p>Есть в наличии: 300шт</p>', '1'),
(198, 2, 6, '200', '1'),
(198, 7, 1, '<p>Размер:0.2-0.3м</p>\n\n<p>Есть в наличии: 150шт</p>', '1'),
(199, 2, 6, '200', '1'),
(199, 7, 1, '<p>Размер:0.2-0.3м</p>\n\n<p>Есть в наличии: 200шт</p>', '1'),
(200, 2, 6, '100', '1'),
(200, 7, 1, '<p>Размер:0.3-0.4м</p>\n\n<p>Есть в наличии: 150шт</p>', '1'),
(201, 2, 6, '200', '1'),
(201, 7, 1, '<p>Размер:0.3-0.4м</p>\n\n<p>Есть в наличии: 200шт</p>', '1'),
(202, 2, 6, '700', '1'),
(202, 7, 1, '<p>Размер:&nbsp;0,5-0,9м</p>\n\n<p>В наличии : 60шт</p>', '1'),
(203, 2, 6, '600', '1'),
(203, 7, 1, '<p>Размер: 1,5-1,8м</p>\n\n<p>В наличии : 60шт</p>', '1'),
(204, 2, 6, '600', '1'),
(204, 7, 1, '<p>Размер: 1,5-1,9 м</p>\n\n<p>В наличии : 12 шт</p>', '1'),
(205, 2, 6, '900', '0'),
(205, 7, 1, '<p>Размер: 1,0-1,5&nbsp;м</p>\n\n<p>В наличии : 35&nbsp;шт</p>', '1'),
(206, 2, 6, '1200', '1'),
(206, 7, 1, '<p>Размер: до1&nbsp;м</p>\n\n<p>В наличии: 25&nbsp;шт</p>', '1'),
(207, 2, 6, '230', '1'),
(207, 7, 1, '<p>Размер:1,0-1,5 м</p>\n\n<p>Есть в наличии: 200шт</p>', '1'),
(208, 2, 6, '230', '1'),
(208, 7, 1, '<p>Размер:1,5-3,5 м</p>\n\n<p>Есть в наличии: 200 шт</p>', '1'),
(209, 4, 6, '300', '1'),
(209, 5, 1, '30 шт', '1'),
(209, 7, 1, '<p>Размер: 0,7-4,5 м</p>', '1'),
(210, 2, 6, '900', '1'),
(210, 7, 6, '<p>Размер: стелящийся</p>\n\n<p>В наличии: 20 шт</p>', '1'),
(211, 2, 6, '900', '1'),
(211, 7, 6, '<p>Размер: стелящийся</p>\n\n<p>В наличии: 20 шт</p>', '1'),
(212, 2, 6, '900', '1'),
(212, 7, 6, '<p>Размер: стелящийся</p>\n\n<p>В наличии: 20 шт</p>', '1'),
(213, 2, 6, '400', '1'),
(213, 7, 6, '<p>Размер: стелящийся</p>\n\n<p>В наличии: 40 шт</p>', '1'),
(214, 2, 6, '900', '0'),
(214, 5, 1, '10 шт', '1'),
(214, 7, 1, '<p>Размер: низкорослое</p>', '1'),
(215, 2, 6, '800', '0'),
(215, 5, 1, '10 шт', '1'),
(215, 7, 1, '<p>Размер: низкорослое</p>', '1'),
(216, 2, 6, '900', '0'),
(216, 5, 1, '40 шт', '1'),
(216, 7, 1, '<p>Размер: 1.2-1.5 м</p>', '1'),
(217, 2, 6, '1200', '0'),
(217, 5, 1, '10 шт', '1'),
(217, 7, 1, '<p>Размер: подушкообразная</p>', '1'),
(218, 2, 6, '1200', '1'),
(218, 5, 6, '30 шт', '1'),
(218, 7, 1, '<p>Размер: 0,3-0,4 м.</p>', '1'),
(219, 2, 1, '700', '1'),
(219, 5, 1, '70 шт', '1'),
(219, 7, 1, '<p>Размер: 1,3-2,0 м</p>', '1'),
(220, 2, 6, '60', '1'),
(220, 5, 1, '20 шт', '1'),
(220, 7, 1, '<p>Размер: 1,0-1,2 м</p>', '1'),
(221, 2, 6, '900', '1'),
(221, 5, 1, '4 шт', '1'),
(221, 7, 1, '<p>Размер: 1,5-1,7 м</p>', '1'),
(222, 2, 6, '350', '1'),
(222, 5, 1, '17 шт', '1'),
(222, 7, 1, '<p>Размер: 1,0-1,7 м</p>', '1'),
(223, 2, 6, '350', '1'),
(223, 5, 1, '30 шт', '1'),
(223, 7, 1, '<p>Размер:0,4-0,6 м</p>', '1'),
(224, 2, 6, '400', '1'),
(224, 5, 1, '24 шт', '1'),
(224, 7, 1, '<p>Размер:1,8-2,0 м</p>', '1'),
(225, 2, 6, '120', '1'),
(225, 5, 1, '30 шт', '1'),
(225, 7, 1, '<p>Размер:1,0-1,2&nbsp;м</p>', '1'),
(226, 2, 6, '180', '1'),
(226, 5, 1, '30 шт', '1'),
(226, 7, 1, '<p>Размер:1,0-1,5 м</p>', '1'),
(227, 2, 6, '120', '1'),
(227, 5, 1, '10 шт', '1'),
(227, 7, 1, '<p>Размер:0,7-1,0&nbsp;м</p>', '1'),
(228, 2, 6, '100', '1'),
(228, 5, 1, '20 шт', '1'),
(228, 7, 1, '<p>Размер:0,5-0,7 м</p>', '1'),
(229, 2, 6, '150', '1'),
(229, 5, 1, '50 шт', '1'),
(229, 7, 1, '<p>Размер:0,8-1,2 м</p>', '1'),
(230, 2, 6, '250', '1'),
(230, 5, 1, '150 шт', '1'),
(230, 7, 1, '<p>Размер:0,9-1,0 м</p>', '1');

-- --------------------------------------------------------

--
-- Структура таблицы `next_shop_products`
--

CREATE TABLE IF NOT EXISTS `next_shop_products` (
  `id_product` int(11) NOT NULL,
  `id_prototype` int(11) NOT NULL,
  `id_cat` int(11) NOT NULL,
  `title` varchar(256) NOT NULL
) ENGINE=InnoDB AUTO_INCREMENT=231 DEFAULT CHARSET=utf8;

--
-- Дамп данных таблицы `next_shop_products`
--

INSERT INTO `next_shop_products` (`id_product`, `id_prototype`, `id_cat`, `title`) VALUES
(1, 0, 3, 'Абрикос'),
(2, 1, 3, 'Абрикос Жигулевский сувенир (2-летка)'),
(3, 1, 3, 'Абрикос Олимп'),
(4, 1, 3, 'Абрикос Оригинал'),
(5, 1, 3, 'Абрикос Саратовский рубин (2-летка)'),
(6, 1, 3, 'Абрикос Триумф Северный (2-летка)'),
(7, 0, 3, 'Алыча'),
(8, 7, 3, 'Алыча Кубанская комета'),
(9, 7, 3, 'Алыча Найдена'),
(10, 0, 3, 'Виноград'),
(12, 10, 3, 'Виноград  Люсиль'),
(13, 10, 3, 'Виноград Байконур ЗКC'),
(14, 10, 3, 'Виноград Заря Несветая'),
(15, 10, 3, 'Виноград Заря Несветая ЗКC'),
(16, 10, 3, 'Виноград Лада Т ЗКC'),
(17, 10, 3, 'Виноград Рошфор ЗКC'),
(18, 10, 3, 'Виноград Соперави'),
(19, 10, 3, 'Виноград Супер Экстра ЗКC'),
(20, 0, 3, 'Вишня'),
(22, 20, 3, 'Вишня Венгерка'),
(23, 20, 3, 'Вишня Владимирская'),
(24, 20, 3, 'Вишня Гирлянда'),
(25, 20, 3, 'Вишня Жуковская'),
(26, 20, 3, 'Вишня Загорьевская'),
(27, 20, 3, 'Вишня Лебедянская'),
(28, 20, 3, 'Вишня Морозовка'),
(29, 20, 3, 'Вишня Тургеневская'),
(30, 20, 3, 'Вишня Харитоновская'),
(31, 20, 3, 'Вишня Шоколадница'),
(32, 0, 3, 'Груша'),
(33, 32, 3, 'Груша Аллегро'),
(34, 32, 3, 'Груша Гера'),
(35, 32, 3, 'Груша Десертная'),
(36, 32, 3, 'Груша Елена'),
(37, 32, 3, 'Груша Красавица Черненко (Русская красавица)'),
(38, 32, 3, 'Груша Лада'),
(39, 32, 3, 'Груша Осенняя Яковлева'),
(40, 32, 3, 'Груша Памяти Яковлева'),
(41, 32, 3, 'Груша Скороспелка из Мичуринска'),
(42, 32, 3, 'Груша Чижовская'),
(43, 32, 3, 'Груша Яковлевская'),
(44, 32, 3, 'Груша Январская'),
(45, 0, 3, 'Земляника'),
(46, 45, 3, 'Земляника Альбион'),
(47, 45, 3, 'Земляника Дарселект'),
(48, 45, 3, 'Земляника Елизавета'),
(49, 45, 3, 'Земляника Полка'),
(50, 45, 3, 'Земляника Эльсанта'),
(51, 0, 3, 'Крыжовник'),
(52, 51, 3, 'Крыжовник Казачок'),
(53, 51, 3, 'Крыжовник Ласковый'),
(54, 51, 3, 'Крыжовник Малахит'),
(55, 51, 3, 'Крыжовник Нежный'),
(56, 51, 3, 'Крыжовник Русская красавица'),
(57, 51, 3, 'Крыжовник Северный капитан'),
(58, 51, 3, 'Крыжовник Снежана'),
(59, 51, 3, 'Крыжовник Черномор'),
(60, 0, 3, 'Малина'),
(61, 60, 3, 'Малина Королевский пингвин'),
(62, 60, 3, 'Малина Оранжевое чудо'),
(63, 60, 3, 'Малина Рубиновое ожерелье'),
(64, 0, 3, 'Слива'),
(65, 64, 3, 'Слива Неженка'),
(66, 64, 3, 'Слива Орловская мечта (2-летка)'),
(67, 0, 3, 'Смородина'),
(68, 67, 3, 'Смородина Багира'),
(69, 67, 3, 'Смородина Белорусская сладкая'),
(70, 67, 3, 'Смородина Виксне'),
(71, 67, 3, 'Смородина Геркулес черная'),
(72, 67, 3, 'Смородина Селеченская'),
(73, 67, 3, 'Смородина Тамерлан'),
(74, 67, 3, 'Смородина Черный жемчуг'),
(75, 0, 3, 'Черешня'),
(76, 75, 3, 'Черешня Бряночка'),
(77, 75, 3, 'Черешня Брянская розовая'),
(78, 75, 3, 'Черешня Велка'),
(79, 75, 3, 'Черешня Заря Жукова'),
(80, 75, 3, 'Черешня Ипуть'),
(81, 75, 3, 'Черешня Ленинградская черная'),
(82, 75, 3, 'Черешня Овстуженка'),
(83, 75, 3, 'Черешня Одринка'),
(84, 75, 3, 'Черешня Подарок Степанову'),
(85, 75, 3, 'Черешня Тютчевка'),
(86, 75, 3, 'Черешня Фатеж'),
(87, 75, 3, 'Черешня Шедевр Морозова'),
(88, 75, 3, 'Черешня Юлия'),
(89, 0, 3, 'Яблоня'),
(90, 89, 3, 'Яблоня Айнур'),
(91, 89, 3, 'Яблоня Антоновка (полукарлик)'),
(92, 89, 3, 'Яблоня Апрельское'),
(93, 89, 3, 'Яблоня Афродита (карлик)'),
(94, 89, 3, 'Яблоня Богатырь (полукарлик)'),
(95, 89, 3, 'Яблоня Валюта'),
(96, 89, 3, 'Яблоня Васюган'),
(97, 89, 3, 'Яблоня Вишневое'),
(98, 89, 3, 'Яблоня Грушовка (карлик)'),
(99, 89, 3, 'Яблоня Диалог'),
(100, 89, 3, 'Яблоня Кандиль Орловский'),
(101, 89, 3, 'Яблоня Конфетное (карлик)'),
(102, 89, 3, 'Яблоня Лобо (карлик)'),
(103, 89, 3, 'Яблоня Медок'),
(104, 89, 3, 'Яблоня Мелба (карлик)'),
(105, 89, 3, 'Яблоня Московское ожерелье (Х-2)'),
(106, 89, 3, 'Яблоня Орлик (карлик)'),
(107, 89, 3, 'Яблоня Орловим (карлик)'),
(108, 89, 3, 'Яблоня Осеннее полосатое (карлик)'),
(109, 89, 3, 'Яблоня Останкино'),
(110, 89, 3, 'Яблоня Президент'),
(111, 89, 3, 'Яблоня Россошанское полосатое'),
(112, 89, 3, 'Яблоня Синап Орловский (полукарлик)'),
(113, 89, 3, 'Яблоня Синап северный'),
(114, 89, 3, 'Яблоня Коричное полосатое'),
(115, 89, 3, 'Яблоня Чистотел (карлик)'),
(116, 89, 3, 'Яблоня Юбиляр'),
(117, 89, 3, 'Яблоня Янтарное ожерелье '),
(118, 175, 2, 'Ель Корейская'),
(119, 163, 2, 'Микробиота decussata'),
(121, 179, 2, 'Сосна Горная Mugo'),
(122, 179, 2, 'Сосна Обыкновенная'),
(123, 179, 2, 'Сосна Черная'),
(127, 168, 2, 'Туя Timi-Tim'),
(129, 168, 2, 'Туя Глобоза'),
(130, 168, 2, 'Туя Западная Aureospicata'),
(131, 168, 2, 'Туя Западная Columna'),
(135, 168, 2, 'Туя Западная Golden Globe'),
(136, 168, 2, 'Туя Западная Rheingold'),
(138, 168, 2, 'Туя Западная Smaragd'),
(139, 168, 2, 'Туя Западная Sunkist'),
(140, 168, 2, 'Туя Западная Teddy'),
(142, 168, 2, 'Туя Западная Wareana Lutesens'),
(145, 163, 2, 'Можжевельник скальный Blue Arow'),
(149, 163, 2, 'Можжевельник Obelisk'),
(151, 163, 2, 'Можжевельник Blue Alps'),
(152, 163, 2, 'Можжевельник Blue Karpet'),
(153, 163, 2, 'Можжевельник Direks Gold'),
(155, 163, 2, 'Можжевельник Hibernica'),
(156, 163, 2, 'Можжевельник Horstman'),
(157, 163, 2, 'Можжевельник Kuriwad Gold'),
(158, 163, 2, 'Можжевельник Mint Julep'),
(159, 163, 2, 'Можжевельник Pfitzeriana Aurea'),
(160, 163, 2, 'Можжевельник Казацкий (стелющийся)'),
(161, 163, 2, 'Можжевельник Обыкновенный'),
(162, 163, 2, 'Можжевельник Stricta'),
(163, 0, 2, 'Можжевельники'),
(168, 0, 2, 'Туи'),
(173, 0, 1, 'Деревья и кустарники'),
(175, 0, 2, 'Ели'),
(176, 173, 1, 'Айва Японская'),
(177, 173, 1, 'Барбарис обыкновенный пурпурный'),
(178, 173, 1, 'Боярышник Арнольда'),
(179, 0, 2, 'Сосны'),
(180, 173, 1, 'Вейгела ранняя'),
(181, 173, 1, 'Вишня Войлочная'),
(182, 173, 1, 'Вяз Шершавый'),
(183, 173, 1, 'Гордовина Обыкновенная'),
(184, 173, 1, 'Гортензия Фонтом'),
(185, 173, 1, 'Жимолость съедобная по сортам'),
(186, 173, 1, 'Ирга Колосоцветная'),
(187, 173, 1, 'Катальпа гибридная'),
(188, 173, 1, 'Каштан Конский'),
(189, 173, 1, 'Кизильник блестящий'),
(190, 173, 1, 'Лапчатка желтая'),
(191, 173, 1, 'Магония Поддуболистная'),
(192, 173, 1, 'Сирень сортовая (красная, белая)'),
(193, 173, 1, 'Рябина Рубиновая'),
(194, 173, 1, 'Снежноягодник Белый'),
(195, 173, 1, 'Снежноягодник Розовый'),
(196, 173, 1, 'Спирея Голд принцесс'),
(197, 173, 1, 'Спирея Графская'),
(198, 173, 1, 'Спирея Криспа'),
(199, 173, 1, 'Спирея Литл Принцесс'),
(200, 173, 1, 'Спирея белоцветковая'),
(201, 173, 1, 'Спирея Японская Golden Flame'),
(202, 168, 2, 'Туя Albo Spikata (Белокончиковая)'),
(203, 168, 2, 'Туя Западная Vellow Ribbon'),
(204, 168, 2, 'Туя Западная Wagneri'),
(205, 168, 2, 'Туя Складчатая Kornik'),
(206, 175, 2, 'Ель Сизая Piccolo-conika'),
(207, 173, 1, 'Черёмуха виргинская'),
(208, 173, 1, 'Шелковица'),
(209, 173, 1, 'Орех Маньчжурский'),
(210, 163, 2, 'Можжевельник Hetzii'),
(211, 163, 2, 'Можжевельник Gold Coast'),
(212, 163, 2, 'Можжевельник Old Gold'),
(213, 163, 2, 'Можжевельник Ложно-казацкий'),
(214, 168, 2, 'Туя Складчатая Danika'),
(215, 168, 2, 'Туя Складчатая Stolwijk'),
(216, 168, 2, 'Туя Gold perle'),
(217, 168, 2, 'Туя Umbraculihera'),
(218, 179, 2, 'Сосна Горная Pumilio'),
(219, 179, 2, 'Сосна скрюченная Latifolia'),
(220, 173, 1, 'Дерен'),
(221, 173, 1, 'Ива японская Хакура Нишики'),
(222, 173, 1, 'Облепиха'),
(223, 173, 1, 'Гортензия Ламлайт'),
(224, 173, 1, 'Форзиция'),
(225, 173, 1, 'Калина Бульдонеж'),
(226, 173, 1, 'Калина обыкновенная'),
(227, 173, 1, 'Жимолость Каприфоль'),
(228, 173, 1, 'Спирея Бумальда Антони Ватерер'),
(229, 173, 1, 'Арония Черноплодная'),
(230, 173, 1, 'Чебушник сортовой');

-- --------------------------------------------------------

--
-- Структура таблицы `next_shop_units`
--

CREATE TABLE IF NOT EXISTS `next_shop_units` (
  `id_unit` int(11) NOT NULL,
  `name` varchar(32) NOT NULL,
  `description` varchar(512) NOT NULL
) ENGINE=InnoDB AUTO_INCREMENT=7 DEFAULT CHARSET=utf8;

--
-- Дамп данных таблицы `next_shop_units`
--

INSERT INTO `next_shop_units` (`id_unit`, `name`, `description`) VALUES
(1, '-', 'без указания'),
(2, 'см', 'сантиметры'),
(3, 'м', 'метры'),
(4, 'мм (ДхШхВ)', 'Длина-Ширина-Высота'),
(5, 'шт', 'штук.'),
(6, 'руб', 'руб.');

-- --------------------------------------------------------

--
-- Структура таблицы `next_subscribe_users`
--

CREATE TABLE IF NOT EXISTS `next_subscribe_users` (
  `id_user` int(10) unsigned NOT NULL,
  `email` varchar(128) NOT NULL,
  `name` varchar(256) DEFAULT NULL,
  `status` enum('0','1','2','3') NOT NULL DEFAULT '0'
) ENGINE=InnoDB DEFAULT CHARSET=utf8;

-- --------------------------------------------------------

--
-- Структура таблицы `next_tags_items`
--

CREATE TABLE IF NOT EXISTS `next_tags_items` (
  `id_tag` int(11) NOT NULL,
  `id_item` int(11) NOT NULL,
  `item` varchar(64) NOT NULL
) ENGINE=InnoDB DEFAULT CHARSET=utf8;

--
-- Дамп данных таблицы `next_tags_items`
--

INSERT INTO `next_tags_items` (`id_tag`, `id_item`, `item`) VALUES
(1, 1, 'news');

-- --------------------------------------------------------

--
-- Структура таблицы `next_tags_tags`
--

CREATE TABLE IF NOT EXISTS `next_tags_tags` (
  `id_tag` int(11) NOT NULL,
  `url` varchar(64) NOT NULL,
  `tag_type` varchar(64) NOT NULL,
  `name` varchar(128) NOT NULL,
  `description` varchar(256) NOT NULL
) ENGINE=InnoDB AUTO_INCREMENT=2 DEFAULT CHARSET=utf8;

--
-- Дамп данных таблицы `next_tags_tags`
--

INSERT INTO `next_tags_tags` (`id_tag`, `url`, `tag_type`, `name`, `description`) VALUES
(1, 'poleznye-sovety', 'news', 'Полезные советы', '');

-- --------------------------------------------------------

--
-- Структура таблицы `next_texts_texts`
--

CREATE TABLE IF NOT EXISTS `next_texts_texts` (
  `id_text` int(11) NOT NULL,
  `alias` varchar(64) NOT NULL,
  `title` varchar(256) NOT NULL,
  `content` text NOT NULL,
  `dt` date NOT NULL,
  `is_show` enum('0','1','2') NOT NULL DEFAULT '1'
) ENGINE=InnoDB AUTO_INCREMENT=22 DEFAULT CHARSET=utf8;

--
-- Дамп данных таблицы `next_texts_texts`
--

INSERT INTO `next_texts_texts` (`id_text`, `alias`, `title`, `content`, `dt`, `is_show`) VALUES
(1, 'phone', 'Телефон', '+7 (910) 702-75-06', '0000-00-00', '1'),
(3, 'phone2', 'Телефон2', '+7 (905) 110-77-61', '0000-00-00', '1'),
(12, 'adress', 'Адрес', 'Тульская область,<br/> Ефремовский район,<br/> д. Каланчиновка,<br/> Питомник "Каланчиновское Подворье"<br/>', '0000-00-00', '1'),
(13, 'email', 'Email', 'kp.pitomnik71@mail.ru', '0000-00-00', '1'),
(14, 'main', 'На главной', 'Предлагаем Вам широкий выбор растений собственного производства. Вас приятно порадует наш ассортимент и цены!', '0000-00-00', '1'),
(15, 'about', 'О компании', 'Текст о компании Текст о компании Текст о компании Текст о компании Текст о компании Текст о компании.', '0000-00-00', '1'),
(16, 'text_price', 'Заголовок прайс-листа', 'Питомник Каланчиновское подворье', '0000-00-00', '1'),
(17, 'title_p', 'Организация для прайса', 'Питомник КФХ "Каланчиновское подворье"', '0000-00-00', '1'),
(18, 'address_p', 'Адрес для прайса', 'Тульская обл., Ефремовсий р-н, д.Каланчиновка', '0000-00-00', '1'),
(19, 'ogrn_p', 'ОГРН', '1234567890123', '0000-00-00', '1'),
(20, 'inn_p', 'ИНН', '1234567890', '0000-00-00', '1'),
(21, 'kpp_p', 'КПП', '123456789', '0000-00-00', '1');

-- --------------------------------------------------------

--
-- Структура таблицы `next_token_index`
--

CREATE TABLE IF NOT EXISTS `next_token_index` (
  `id_token` int(10) unsigned NOT NULL,
  `token` varchar(64) CHARACTER SET latin1 NOT NULL,
  `dt` timestamp NOT NULL DEFAULT CURRENT_TIMESTAMP
) ENGINE=InnoDB AUTO_INCREMENT=18 DEFAULT CHARSET=utf8;

--
-- Дамп данных таблицы `next_token_index`
--

INSERT INTO `next_token_index` (`id_token`, `token`, `dt`) VALUES
(1, 'FKFgaAp65Wyy0QB05AY57UPsXES1s15gJRr3OOvZVyH8Y8cqaAkmTcXVLlo4S0jo', '2016-12-06 20:13:15'),
(2, 'RtuG9dfm02Fj7wJ6eJ86cb7USiMBmQVM7kguOVOf2DKvkPHFE56WWArPUczF33VO', '2016-12-06 20:18:16'),
(3, 'UCysvejzPB3HTmdJSo2J8IgizZNHuAhvxrWhSXyUtvOrdMbqMbvgXPaxoUIYtj3m', '2016-12-07 21:21:38'),
(4, 'MZNNgnVBiNifd165wdLyTgWVzrMTQzUSMNz2LhO50A65QmenkzfhcnLU1PLoSC7T', '2016-12-09 13:06:16'),
(5, 'RbYJBRT62gIMu7ABrOmHgbyKh86Yit46MhaLmhHW5mrgbhhXjxOVGls7D9tjeH2M', '2016-12-09 18:07:21'),
(6, 'zJv3t2Y1ZtFeANSkikZDquSnAVbjKW2csj4tWUwdY4ZHsvVuHAFsaQpzvNpLzAqx', '2016-12-13 04:00:03'),
(7, 'sy5BlFmnOLV53arjvkpRghw1GeKSLCkCbZzFTJryy1HAZnvAZFQs7E6qsnKrooUA', '2016-12-13 06:53:26'),
(8, 'KxXEkZPpnyxbIIOANbtjZ1dkHan0Ad01PqWhuyGbbwsgfdvwoBcbhFvyMlso0m1e', '2016-12-14 17:22:27'),
(9, 'GJSUH5TCr5AO8Fc2IBOlAQdgovUtKwzoRBqmbtNbbE47izR0AKofv2WevIZx9EId', '2016-12-14 17:22:48'),
(10, 'hZfgcK4ScZI2LiuAWDC9riYMJ2bFJgTZTqX7bKNrUec1vMdskPOCmG1WdGFhklwB', '2016-12-16 09:18:51'),
(11, 'ic0sUIKp394pdRkgFHrQBzUWcbEUW9QHoEZH6Tdi170pfUT5FZ2bR337vprKPQe5', '2016-12-16 10:53:44'),
(12, 'oRlCjna66CT2bFLSWEhYc3KoPR4uCuUcCPb2TBgaaOhhY5LnEeJSAKrXMOy2axXP', '2016-12-17 14:48:03'),
(13, 'UdFYcvwIpjWKnhKNHpB3jWFWpN4nvNxTT3vDfSKBbNtCmPxzHd1KvDfkQRFl3X7U', '2016-12-23 11:21:01'),
(14, 'MGhNnhEzhAmOnHRMyqgtYR77cELq9GFqgNpkbyO2kvVXZa725nS6KeiSNxyiPUn7', '2016-12-24 18:41:53'),
(15, 'QFkMY16hjHwAtlkzCgyC3tSEvyNxAzCxAxp7T4Jav4DErT07VQ2mMVrYeCMGyG7c', '2016-12-25 10:23:55'),
(16, 'lzIado4qoCyUN7SY7m603fqDnNFS1QfhcBeyi9kI9CCODu2aHihaWNAV5O6VZP3d', '2016-12-27 11:55:10'),
(17, 'VojA7HFxKSq0WqcNz5p3RTM4FO0VQmrx2Vt5EtZVxzunOT5ZwrtTcqWiwQVJxbct', '2017-01-04 13:13:02');

-- --------------------------------------------------------

--
-- Структура таблицы `next_users_roles`
--

CREATE TABLE IF NOT EXISTS `next_users_roles` (
  `id_role` int(5) NOT NULL,
  `description` varchar(512) DEFAULT NULL,
  `privs` text NOT NULL
) ENGINE=InnoDB AUTO_INCREMENT=3 DEFAULT CHARSET=utf8;

--
-- Дамп данных таблицы `next_users_roles`
--

INSERT INTO `next_users_roles` (`id_role`, `description`, `privs`) VALUES
(1, 'Администратор', 'users,pages,texts,cats,shop,images'),
(2, 'Менеджер', 'pages,texts,cats,shop,images');

-- --------------------------------------------------------

--
-- Структура таблицы `next_users_sessions`
--

CREATE TABLE IF NOT EXISTS `next_users_sessions` (
  `id_session` int(11) NOT NULL,
  `id_user` int(11) NOT NULL,
  `token` varchar(32) NOT NULL,
  `dt_start` datetime NOT NULL,
  `dt_last` datetime NOT NULL,
  `last_ip` varchar(32) NOT NULL,
  `last_agent` varchar(256) NOT NULL,
  `is_active` enum('0','1') NOT NULL DEFAULT '1'
) ENGINE=InnoDB AUTO_INCREMENT=111 DEFAULT CHARSET=utf8;

--
-- Дамп данных таблицы `next_users_sessions`
--

INSERT INTO `next_users_sessions` (`id_session`, `id_user`, `token`, `dt_start`, `dt_last`, `last_ip`, `last_agent`, `is_active`) VALUES
(1, 3, 'Zgdl1rypyFe3f9c180b3noA2C68avydp', '2016-07-17 17:48:07', '2016-07-17 17:48:07', '127.0.0.1', 'Mozilla/5.0 (Windows NT 6.1; WOW64; rv:47.0) Gecko/20100101 Firefox/47.0', '1'),
(2, 3, '3f9c180b4mFIwQNlMq4yRhy7gIaqcOjh', '2016-07-17 22:17:29', '2016-07-17 22:17:29', '127.0.0.1', 'Mozilla/5.0 (Windows NT 6.1; WOW64; rv:47.0) Gecko/20100101 Firefox/47.0', '1'),
(3, 3, 'uN4CTH68jIuWF2ztn3f9c180b6sYJTC9', '2016-07-19 23:00:25', '2016-07-19 23:00:25', '127.0.0.1', 'Mozilla/5.0 (Windows NT 6.1; WOW64; rv:47.0) Gecko/20100101 Firefox/47.0', '1'),
(4, 3, 'll9Rz2Ww4Rkl02ZeCWIvD3f9c180bWdA', '2016-07-20 00:05:18', '2016-07-20 00:05:18', '127.0.0.1', 'Mozilla/5.0 (Windows NT 6.1; WOW64; rv:47.0) Gecko/20100101 Firefox/47.0', '1'),
(5, 3, 'PPhFnbiCoLsZ3f9c180bOxBjtDKWNPIt', '2016-07-20 23:53:37', '2016-07-20 23:53:37', '127.0.0.1', 'Mozilla/5.0 (Windows NT 6.1; WOW64; rv:47.0) Gecko/20100101 Firefox/47.0', '1'),
(6, 3, 'ZBDcA8X3f9c180bMXHWjCrsy9cADq1j8', '2016-07-21 21:19:29', '2016-07-21 21:19:29', '127.0.0.1', 'Mozilla/5.0 (Windows NT 6.1; WOW64; rv:47.0) Gecko/20100101 Firefox/47.0', '1'),
(7, 3, 'lKx7EdTmQeKxxlFIoLdHAdZ83f9c180b', '2016-07-23 19:24:39', '2016-07-23 19:24:39', '127.0.0.1', 'Mozilla/5.0 (Windows NT 6.1; WOW64; rv:47.0) Gecko/20100101 Firefox/47.0', '1'),
(8, 3, 's4anIS8mCSZxZ3f9c180brhtQDcFxzBZ', '2016-08-04 17:28:57', '2016-08-04 17:28:57', '127.0.0.1', 'Mozilla/5.0 (Windows NT 10.0; WOW64; rv:48.0) Gecko/20100101 Firefox/48.0', '1'),
(9, 3, 'aEH86pFMuiLdk3f9c180b4xy9y7RRlrk', '2016-08-04 20:31:11', '2016-08-04 20:31:11', '127.0.0.1', 'Mozilla/5.0 (Windows NT 10.0; WOW64; rv:48.0) Gecko/20100101 Firefox/48.0', '1'),
(10, 3, '18DewrEuTzn1UX8WrYONGlt3f9c180b7', '2016-08-04 23:31:21', '2016-08-04 23:31:21', '127.0.0.1', 'Mozilla/5.0 (Windows NT 10.0; WOW64; rv:48.0) Gecko/20100101 Firefox/48.0', '1'),
(11, 3, 'CTgqbm4Uy09BKEvwnfv3f9c180btc2bo', '2016-08-06 16:08:32', '2016-08-06 16:08:32', '127.0.0.1', 'Mozilla/5.0 (Windows NT 10.0; WOW64; rv:48.0) Gecko/20100101 Firefox/48.0', '1'),
(12, 3, 'bbDOD3f9c180bbZCLABImRaKeHnWR7If', '2016-08-07 09:46:22', '2016-08-07 09:46:22', '127.0.0.1', 'Mozilla/5.0 (Windows NT 10.0; WOW64; rv:48.0) Gecko/20100101 Firefox/48.0', '1'),
(13, 3, 'rRbAgclQ3f9c180bctGeNGVXtX9GLd8F', '2016-08-07 11:11:56', '2016-08-07 11:11:56', '127.0.0.1', 'Mozilla/5.0 (Windows NT 10.0; WOW64; rv:48.0) Gecko/20100101 Firefox/48.0', '1'),
(14, 3, 'ETmKn8MfmfIaLY7e13f9c180bDQYW5Zb', '2016-08-07 18:56:14', '2016-08-07 18:56:14', '127.0.0.1', 'Mozilla/5.0 (Windows NT 10.0; WOW64; rv:48.0) Gecko/20100101 Firefox/48.0', '1'),
(15, 3, 'sSCGHQln1SP4X7hAl3f9c180bpAdd42Q', '2016-08-07 19:05:16', '2016-08-07 19:05:16', '127.0.0.1', 'Mozilla/5.0 (Windows NT 10.0; WOW64; rv:48.0) Gecko/20100101 Firefox/48.0', '1'),
(16, 3, 'FVJu4Tr8ow23f9c180bT3CeaKqwHrAbx', '2016-08-07 21:46:55', '2016-08-07 21:46:55', '127.0.0.1', 'Mozilla/5.0 (Windows NT 10.0; WOW64; rv:48.0) Gecko/20100101 Firefox/48.0', '1'),
(17, 3, 'QsW4T3f9c180bew5d05gu2mwIxHqvhm2', '2016-08-08 10:20:33', '2016-08-08 10:20:33', '128.72.18.110', 'Mozilla/5.0 (Windows NT 10.0; WOW64) AppleWebKit/537.36 (KHTML, like Gecko) Chrome/52.0.2743.116 Safari/537.36', '1'),
(18, 3, '3O5OVjQ4z8w8xeNv3f9c180b8xypYq1E', '2016-08-08 15:23:45', '2016-08-08 15:23:45', '85.236.1.166', 'Mozilla/5.0 (Windows NT 10.0; WOW64) AppleWebKit/537.36 (KHTML, like Gecko) Chrome/51.0.2704.103 Safari/537.36', '1'),
(19, 3, 'iiuy1nrLnOLTFASvEIPAY63f9c180b2u', '2016-08-08 22:25:14', '2016-08-08 22:25:14', '128.72.18.110', 'Mozilla/5.0 (Windows NT 10.0; WOW64) AppleWebKit/537.36 (KHTML, like Gecko) Chrome/52.0.2743.116 Safari/537.36', '1'),
(20, 3, '46elqpZ2Ysmg6W93f9c180bmh85K2fVs', '2016-08-09 09:47:05', '2016-08-09 09:47:05', '128.72.18.110', 'Mozilla/5.0 (Windows NT 10.0; WOW64) AppleWebKit/537.36 (KHTML, like Gecko) Chrome/52.0.2743.116 Safari/537.36', '1'),
(21, 3, 'Wm8D8CvPYxIvV3BCjbxpG3f9c180bbjr', '2016-08-10 10:02:44', '2016-08-10 10:02:44', '128.72.18.110', 'Mozilla/5.0 (Windows NT 10.0; WOW64) AppleWebKit/537.36 (KHTML, like Gecko) Chrome/52.0.2743.116 Safari/537.36', '1'),
(22, 3, '06nEr8LP3f9c180bpzPfAxeeSUyEZtpb', '2016-08-10 17:03:18', '2016-08-10 17:03:18', '128.72.18.110', 'Mozilla/5.0 (Windows NT 10.0; WOW64) AppleWebKit/537.36 (KHTML, like Gecko) Chrome/52.0.2743.116 Safari/537.36', '1'),
(23, 3, 'Kw3f9c180bsqfiTn5YdBjG3bQO5CyeLr', '2016-08-10 18:10:16', '2016-08-10 18:10:16', '128.72.18.110', 'Mozilla/5.0 (Windows NT 10.0; WOW64) AppleWebKit/537.36 (KHTML, like Gecko) Chrome/52.0.2743.116 Safari/537.36', '0'),
(24, 3, 'WUOAUzX6EVY3f9c180bSLCsh6alpkBo9', '2016-08-11 09:33:16', '2016-08-11 09:33:16', '128.72.18.110', 'Mozilla/5.0 (Windows NT 10.0; WOW64) AppleWebKit/537.36 (KHTML, like Gecko) Chrome/52.0.2743.116 Safari/537.36', '1'),
(25, 3, 'LpOfNyRWedDeJGA0ysWAsPYr3f9c180b', '2016-08-11 12:08:44', '2016-08-11 12:08:44', '128.72.18.110', 'Mozilla/5.0 (Windows NT 10.0; WOW64; rv:48.0) Gecko/20100101 Firefox/48.0', '1'),
(26, 3, 'e3f9c180bt74aVU346p5xYREUPRHA5Y2', '2016-08-12 10:02:40', '2016-08-12 10:02:40', '128.72.18.110', 'Mozilla/5.0 (Windows NT 10.0; WOW64) AppleWebKit/537.36 (KHTML, like Gecko) Chrome/52.0.2743.116 Safari/537.36', '1'),
(27, 3, 'GvRGqJW04kNCtdiM3f9c180bqvhWjeTR', '2016-08-12 11:42:42', '2016-08-12 11:42:42', '128.72.18.110', 'Mozilla/5.0 (Windows NT 10.0; WOW64; rv:48.0) Gecko/20100101 Firefox/48.0', '1'),
(28, 3, 'tl3f9c180b3UInDGLfsDgZxhnZvXCWAa', '2016-08-12 12:19:30', '2016-08-12 12:19:30', '128.72.18.110', 'Mozilla/5.0 (Windows NT 10.0; WOW64; rv:48.0) Gecko/20100101 Firefox/48.0', '1'),
(29, 3, 'lniB8aos3f9c180bR3NMGMm9OoKVGcB1', '2016-08-12 14:00:12', '2016-08-12 14:00:12', '128.72.18.110', 'Mozilla/5.0 (Windows NT 10.0; WOW64) AppleWebKit/537.36 (KHTML, like Gecko) Chrome/52.0.2743.116 Safari/537.36', '1'),
(30, 3, 'yOfQ3f9c180bAiGUO4iAwFa0vwSydh21', '2016-08-12 14:30:56', '2016-08-12 14:30:56', '127.0.0.1', 'Mozilla/5.0 (Windows NT 10.0; WOW64; rv:48.0) Gecko/20100101 Firefox/48.0', '1'),
(31, 3, 'kCy3f9c180bT3bVFAHEci5v3fuYZuidv', '2016-08-13 17:11:38', '2016-08-13 17:11:38', '127.0.0.1', 'Mozilla/5.0 (Windows NT 10.0; WOW64; rv:48.0) Gecko/20100101 Firefox/48.0', '1'),
(32, 3, '3f9c180bOjX1fydIXEEy1uqVIAQi76WL', '2016-08-13 17:45:00', '2016-08-13 17:45:00', '127.0.0.1', 'Mozilla/5.0 (Windows NT 10.0; WOW64; rv:48.0) Gecko/20100101 Firefox/48.0', '1'),
(33, 3, 'WJppuO15bs0nn3f9c180b7JTPUsabfZd', '2016-08-13 17:52:55', '2016-08-13 17:52:55', '127.0.0.1', 'Mozilla/5.0 (Windows NT 10.0; WOW64; rv:48.0) Gecko/20100101 Firefox/48.0', '1'),
(34, 3, 'xoxdfN3f9c180bXJ3nrequatHQloZ2TQ', '2016-08-13 18:03:52', '2016-08-13 18:03:52', '127.0.0.1', 'Mozilla/5.0 (Windows NT 10.0; WOW64; rv:48.0) Gecko/20100101 Firefox/48.0', '1'),
(35, 3, 'Tp7BBEsHAteyplyxYi3f9c180bsxFLDN', '2016-08-13 18:51:31', '2016-08-13 18:51:31', '127.0.0.1', 'Mozilla/5.0 (Windows NT 10.0; WOW64; rv:48.0) Gecko/20100101 Firefox/48.0', '1'),
(36, 3, 'DnbkHbaOWPrzVQhbpFhMkO3f9c180bRu', '2016-08-14 08:20:55', '2016-08-14 08:20:55', '127.0.0.1', 'Mozilla/5.0 (Windows NT 10.0; WOW64; rv:48.0) Gecko/20100101 Firefox/48.0', '1'),
(37, 3, 'xp7TvH3f9c180b7r1zARqwq8khkmEV6P', '2016-08-17 18:22:53', '2016-08-17 18:22:53', '128.72.18.110', 'Mozilla/5.0 (Windows NT 10.0; WOW64) AppleWebKit/537.36 (KHTML, like Gecko) Chrome/52.0.2743.116 Safari/537.36', '1'),
(38, 3, 'Pe93f9c180bCXi6LlwiJdnQwUjdDioR6', '2016-08-23 16:27:48', '2016-08-23 16:27:48', '127.0.0.1', 'Mozilla/5.0 (Windows NT 10.0; WOW64; rv:48.0) Gecko/20100101 Firefox/48.0', '0'),
(39, 3, 'TKFBENlYQ43f9c180bv84mNNWVvY41Fd', '2016-08-23 16:29:00', '2016-08-23 16:29:00', '127.0.0.1', 'Mozilla/5.0 (Windows NT 10.0; WOW64; rv:48.0) Gecko/20100101 Firefox/48.0', '1'),
(40, 3, 'xiOR1n0epF8CH3f9c180bryDPi3ESsVQ', '2016-08-23 18:31:44', '2016-08-23 18:31:44', '128.72.18.110', 'Mozilla/5.0 (Windows NT 10.0; WOW64; rv:48.0) Gecko/20100101 Firefox/48.0', '0'),
(41, 3, 'CJ6cvv5TWkRmVeFofFXxCXg3f9c180be', '2016-08-23 18:32:02', '2016-08-23 18:32:02', '128.72.18.110', 'Mozilla/5.0 (Windows NT 10.0; WOW64; rv:48.0) Gecko/20100101 Firefox/48.0', '1'),
(42, 3, '1tZjfb3f9c180bsP6r9sqZuUGyA4bUjo', '2016-08-24 10:40:46', '2016-08-24 10:40:46', '128.72.18.110', 'Mozilla/5.0 (Windows NT 10.0; WOW64) AppleWebKit/537.36 (KHTML, like Gecko) Chrome/52.0.2743.116 Safari/537.36', '1'),
(43, 3, 'hH46vO3f9c180bOl6hX7rs5Ztd8heBqQ', '2016-08-24 12:08:17', '2016-08-24 12:08:17', '85.236.1.166', 'Mozilla/5.0 (Windows NT 10.0; WOW64) AppleWebKit/537.36 (KHTML, like Gecko) Chrome/52.0.2743.116 Safari/537.36', '0'),
(44, 3, 'VJrBFYmdXjTueLyPRWJk3f9c180bN9uJ', '2016-08-24 13:08:43', '2016-08-24 13:08:43', '85.236.1.166', 'Mozilla/5.0 (Windows NT 10.0; WOW64) AppleWebKit/537.36 (KHTML, like Gecko) Chrome/52.0.2743.116 Safari/537.36', '1'),
(45, 3, '8kM5f3f9c180bmGrTPgrXxBxZWHhYC6x', '2016-08-24 18:30:37', '2016-08-24 18:30:37', '128.72.18.110', 'Mozilla/5.0 (Windows NT 10.0; WOW64) AppleWebKit/537.36 (KHTML, like Gecko) Chrome/52.0.2743.116 Safari/537.36', '0'),
(46, 3, 's3tRJnfQ3f9c180bmTAd2e5vU0B9ugDT', '2016-08-26 14:35:14', '2016-08-26 14:35:14', '85.236.1.166', 'Mozilla/5.0 (Windows NT 10.0; WOW64) AppleWebKit/537.36 (KHTML, like Gecko) Chrome/52.0.2743.116 Safari/537.36', '0'),
(47, 3, 'Z9983f9c180bdhPQtF1tCED8EL9iZCQS', '2016-08-26 18:55:42', '2016-08-26 18:55:42', '128.72.18.110', 'Mozilla/5.0 (Windows NT 10.0; WOW64) AppleWebKit/537.36 (KHTML, like Gecko) Chrome/52.0.2743.116 Safari/537.36', '1'),
(48, 3, 'QwFW5CoZ31HE7iSwfN3f9c180bu4syGA', '2016-08-27 12:01:12', '2016-08-27 12:01:12', '128.72.18.110', 'Mozilla/5.0 (Windows NT 10.0; WOW64; rv:48.0) Gecko/20100101 Firefox/48.0', '1'),
(49, 3, '0lPWyZVIK34EKVWA3wtdL3f9c180bx1b', '2016-08-28 14:08:56', '2016-08-28 14:08:56', '128.72.18.110', 'Mozilla/5.0 (Windows NT 10.0; WOW64) AppleWebKit/537.36 (KHTML, like Gecko) Chrome/52.0.2743.116 Safari/537.36', '1'),
(50, 3, 'BtoB71v3f9c180bL5rzYqCqD6inWeSIv', '2016-08-28 14:38:53', '2016-08-28 14:38:53', '127.0.0.1', 'Mozilla/5.0 (Windows NT 10.0; WOW64; rv:48.0) Gecko/20100101 Firefox/48.0', '1'),
(51, 3, 'qnQ2H3f9c180bZWgdiet57kHE0VXoLP3', '2016-08-29 21:50:54', '2016-08-29 21:50:54', '127.0.0.1', 'Mozilla/5.0 (Windows NT 10.0; WOW64; rv:48.0) Gecko/20100101 Firefox/48.0', '1'),
(52, 3, '9Yu11w43f9c180bqb1ngjHO0tOzRZky0', '2016-08-30 12:59:08', '2016-08-30 12:59:08', '127.0.0.1', 'Mozilla/5.0 (Windows NT 10.0; WOW64; rv:48.0) Gecko/20100101 Firefox/48.0', '1'),
(53, 3, 'MLeL2P3f9c180beMxT7GQVt2TAAOczLt', '2016-08-30 17:55:16', '2016-08-30 17:55:16', '127.0.0.1', 'Mozilla/5.0 (Windows NT 10.0; WOW64; rv:48.0) Gecko/20100101 Firefox/48.0', '0'),
(54, 3, 'CXnsvw9bsvpbFVeLABOeZ3f9c180bAy3', '2016-08-30 17:55:23', '2016-08-30 17:55:23', '127.0.0.1', 'Mozilla/5.0 (Windows NT 10.0; WOW64; rv:48.0) Gecko/20100101 Firefox/48.0', '1'),
(55, 3, 'RXkxVw3f9c180b9c2vAcFdekbQuFq2OR', '2016-08-31 17:08:48', '2016-08-31 17:08:48', '128.72.18.110', 'Mozilla/5.0 (Windows NT 10.0; WOW64; rv:48.0) Gecko/20100101 Firefox/48.0', '1'),
(56, 3, 'NfQJwjHMxe3f9c180btfFv6v7YRB27sh', '2016-08-31 18:06:12', '2016-08-31 18:06:12', '128.72.18.110', 'Mozilla/5.0 (Windows NT 10.0; WOW64) AppleWebKit/537.36 (KHTML, like Gecko) Chrome/52.0.2743.116 Safari/537.36', '1'),
(57, 3, '3f9c180bBRUlAJbFYEUH6Gd1or3ZhWtb', '2016-09-02 12:45:58', '2016-09-02 12:45:58', '213.87.136.175', 'Mozilla/5.0 (Windows NT 10.0; WOW64) AppleWebKit/537.36 (KHTML, like Gecko) Chrome/52.0.2743.116 Safari/537.36', '0'),
(58, 3, 'eH3f9c180bDNM0yPxt6pEKLGCACSzDoq', '2016-09-04 16:05:00', '2016-09-04 16:05:00', '128.72.16.90', 'Mozilla/5.0 (Windows NT 10.0; WOW64) AppleWebKit/537.36 (KHTML, like Gecko) Chrome/52.0.2743.116 Safari/537.36', '0'),
(59, 3, 'NP2gPQ3f9c180bl8chj4WhnvMvwX5ONh', '2016-09-09 13:48:56', '2016-09-09 13:48:56', '128.72.16.90', 'Mozilla/5.0 (Windows NT 10.0; WOW64; rv:48.0) Gecko/20100101 Firefox/48.0', '1'),
(60, 3, 'GP1W3K38K83f9c180bdNL2PPCkMgJpZf', '2016-09-14 11:53:38', '2016-09-14 11:53:38', '128.72.26.209', 'Mozilla/5.0 (Windows NT 10.0; WOW64; rv:48.0) Gecko/20100101 Firefox/48.0', '1'),
(61, 3, 'mChDCZxQjtrb0g63f9c180bfgYrSFaBC', '2016-09-14 14:22:55', '2016-09-14 14:22:55', '127.0.0.1', 'Mozilla/5.0 (Windows NT 10.0; WOW64; rv:48.0) Gecko/20100101 Firefox/48.0', '1'),
(62, 3, 'wCfn3f9c180bccOptctIDbZKMrysWjYS', '2016-09-21 12:09:22', '2016-09-21 12:09:22', '127.0.0.1', 'Mozilla/5.0 (Windows NT 10.0; WOW64; rv:49.0) Gecko/20100101 Firefox/49.0', '0'),
(63, 3, '8hA3f9c180bSBDZuRSpOsAc4QdXdQ1HP', '2016-09-21 12:47:14', '2016-09-21 12:47:14', '127.0.0.1', 'Mozilla/5.0 (Windows NT 10.0; WOW64; rv:49.0) Gecko/20100101 Firefox/49.0', '1'),
(64, 3, 'wI8MSpiypB4OYMva3f9c180btokT7oxE', '2016-09-29 18:45:20', '2016-09-29 18:45:20', '127.0.0.1', 'Mozilla/5.0 (Windows NT 10.0; WOW64; rv:49.0) Gecko/20100101 Firefox/49.0', '1'),
(65, 3, 'E6LBHeIFb1H4uhP7xsp3f9c180bwwgHY', '2016-09-30 01:12:26', '2016-09-30 01:12:26', '127.0.0.1', 'Mozilla/5.0 (Windows NT 10.0; WOW64; rv:49.0) Gecko/20100101 Firefox/49.0', '1'),
(66, 3, 'm7bkFHXhjyReaP3f9c180bax1WLosHD6', '2016-09-30 21:15:26', '2016-09-30 21:15:26', '127.0.0.1', 'Mozilla/5.0 (Windows NT 10.0; WOW64; rv:49.0) Gecko/20100101 Firefox/49.0', '1'),
(67, 3, 'ZLv8EGKi3f9c180bHgtMYW5gPszGBFdA', '2016-09-30 22:05:41', '2016-09-30 22:05:41', '128.72.26.209', 'Mozilla/5.0 (Windows NT 10.0; WOW64) AppleWebKit/537.36 (KHTML, like Gecko) Chrome/53.0.2785.116 Safari/537.36', '1'),
(68, 3, 'G3f9c180bmnSyF0OrI8BXLMFpjNNnXBN', '2016-10-06 17:58:20', '2016-10-06 17:58:20', '128.72.17.150', 'Mozilla/5.0 (Windows NT 10.0; WOW64) AppleWebKit/537.36 (KHTML, like Gecko) Chrome/53.0.2785.143 Safari/537.36', '1'),
(69, 3, 'knAx7sWpU11nwr2PSiBACG3f9c180bNC', '2016-10-15 14:49:19', '2016-10-15 14:49:19', '128.72.17.150', 'Mozilla/5.0 (Windows NT 10.0; WOW64; rv:49.0) Gecko/20100101 Firefox/49.0', '0'),
(70, 3, 'zJHrgt5nDZ3f9c180bHvTPmnWQNJoW71', '2016-10-28 22:01:31', '2016-10-28 22:01:31', '128.72.17.150', 'Mozilla/5.0 (Windows NT 10.0; WOW64; rv:49.0) Gecko/20100101 Firefox/49.0', '0'),
(71, 3, 'eQgHedCryb4reFtKa3f9c180b1bXJXBi', '2016-11-24 09:12:31', '2016-11-24 09:12:31', '127.0.0.1', 'Mozilla/5.0 (Windows NT 10.0; WOW64; rv:50.0) Gecko/20100101 Firefox/50.0', '1'),
(72, 3, '5j7o9z3ybad3f9c180bfe6onVbcUFxm2', '2016-11-24 09:21:59', '2016-11-24 09:21:59', '127.0.0.1', 'Mozilla/5.0 (Windows NT 10.0; WOW64; rv:50.0) Gecko/20100101 Firefox/50.0', '1'),
(73, 3, 'ehsMM3f9c180baOUDqpBUQX6dt8SW8ws', '2016-11-24 09:28:29', '2016-11-24 09:28:29', '128.72.18.65', 'Mozilla/5.0 (Windows NT 10.0; WOW64; rv:50.0) Gecko/20100101 Firefox/50.0', '1'),
(74, 3, 'y9oQV9c3f9c180bhwX2Ajo6VNugbIRmb', '2016-11-24 17:46:17', '2016-11-24 17:46:17', '128.72.18.65', 'Mozilla/5.0 (Windows NT 10.0; WOW64; rv:50.0) Gecko/20100101 Firefox/50.0', '1'),
(75, 3, 'IU98cAc06WkO4sg6bx3f9c180bwUkyMp', '2016-11-25 22:42:29', '2016-11-25 22:42:29', '128.72.18.65', 'Mozilla/5.0 (Windows NT 10.0; WOW64; rv:50.0) Gecko/20100101 Firefox/50.0', '0'),
(76, 3, 'cX7svJqiD690FNKua6HY3f9c180bf4CN', '2016-11-30 11:32:18', '2016-11-30 11:32:18', '85.236.1.166', 'Mozilla/5.0 (Windows NT 10.0; WOW64; rv:50.0) Gecko/20100101 Firefox/50.0', '1'),
(77, 3, 'vo3f9c180bHdEF2gcQ7GqqlqvUpZxCIK', '2016-12-04 21:03:41', '2016-12-04 21:03:41', '128.72.26.138', 'Mozilla/5.0 (Windows NT 10.0; WOW64) AppleWebKit/537.36 (KHTML, like Gecko) Chrome/54.0.2840.99 Safari/537.36', '1'),
(78, 3, 'dbQUbw2nNYJtKOFO3f9c180bmqUkXWm2', '2016-12-06 20:30:46', '2016-12-06 20:30:46', '128.72.26.138', 'Mozilla/5.0 (Windows NT 10.0; WOW64; rv:50.0) Gecko/20100101 Firefox/50.0', '1'),
(79, 3, 'KAtCGB53JzeSYQ3f9c180baUspXqnb5s', '2016-12-06 21:20:20', '2016-12-06 21:20:20', '127.0.0.1', 'Mozilla/5.0 (Windows NT 10.0; WOW64; rv:50.0) Gecko/20100101 Firefox/50.0', '1'),
(80, 3, 'p3f9c180biJcgvrgv7OHa5gTgS2HG4H2', '2016-12-06 23:13:46', '2016-12-06 23:13:46', '128.72.26.138', 'Mozilla/5.0 (Windows NT 10.0; WOW64) AppleWebKit/537.36 (KHTML, like Gecko) Chrome/54.0.2840.99 Safari/537.36', '1'),
(81, 3, '3f9c180b1mLW3OkAkTarqJrVmK7bjsbE', '2016-12-18 20:57:02', '2016-12-18 20:57:02', '128.72.26.138', 'Mozilla/5.0 (Windows NT 10.0; WOW64) AppleWebKit/537.36 (KHTML, like Gecko) Chrome/55.0.2883.87 Safari/537.36', '0'),
(82, 3, 'FP9vQYs33f9c180bzGlFfg9tGKLGIKbv', '2016-12-21 11:57:17', '2016-12-21 11:57:17', '213.87.149.145', 'Mozilla/5.0 (Windows NT 10.0; WOW64) AppleWebKit/537.36 (KHTML, like Gecko) Chrome/54.0.2840.99 Safari/537.36', '1'),
(83, 3, 'rSGb4tJxiWRoaEXSUV3f9c180b8CCv1H', '2016-12-25 13:33:12', '2016-12-25 13:33:12', '127.0.0.1', 'Mozilla/5.0 (Windows NT 10.0; WOW64; rv:50.0) Gecko/20100101 Firefox/50.0', '1'),
(84, 3, 'R3f9c180bJmpkOtW3m88FkCIdwMwo7gF', '2016-12-26 20:34:07', '2016-12-26 20:34:07', '127.0.0.1', 'Mozilla/5.0 (Windows NT 10.0; WOW64; rv:50.0) Gecko/20100101 Firefox/50.0', '1'),
(85, 3, 'K3f9c180bR9q5nZ4Z0BWREJ6tmW6Pjd1', '2016-12-27 12:55:44', '2016-12-27 12:55:44', '127.0.0.1', 'Mozilla/5.0 (Windows NT 10.0; WOW64; rv:50.0) Gecko/20100101 Firefox/50.0', '1'),
(86, 3, 'wgPoIW3f9c180bhAZT8Pi4lGshnxHpf9', '2016-12-27 15:04:01', '2016-12-27 15:04:01', '128.72.26.138', 'Mozilla/5.0 (Windows NT 10.0; WOW64) AppleWebKit/537.36 (KHTML, like Gecko) Chrome/55.0.2883.87 Safari/537.36', '1'),
(87, 3, 'lZf7DAwiOu3f9c180bE47sJtSkxuFWf5', '2016-12-27 23:22:54', '2016-12-27 23:22:54', '128.72.26.138', 'Mozilla/5.0 (Windows NT 10.0; WOW64; rv:50.0) Gecko/20100101 Firefox/50.0', '1'),
(88, 3, 'J8XqBf4HvaBXdXIIP3f9c180bVN3TmnW', '2017-01-05 18:02:34', '2017-01-05 18:02:34', '91.76.6.168', 'Mozilla/5.0 (Windows NT 10.0; WOW64; rv:50.0) Gecko/20100101 Firefox/50.0', '1'),
(89, 3, 'BoV3f9c180bQodo6cxlYqysP3ZJLBZbO', '2017-01-05 21:23:32', '2017-01-05 21:23:32', '91.76.6.168', 'Mozilla/5.0 (Windows NT 10.0; WOW64; rv:50.0) Gecko/20100101 Firefox/50.0', '1'),
(90, 3, 'xM3f9c180bFjqXYveEhouYFGZQlR0YRm', '2017-01-05 23:58:24', '2017-01-05 23:58:24', '91.76.6.168', 'Mozilla/5.0 (Windows NT 10.0; WOW64; rv:50.0) Gecko/20100101 Firefox/50.0', '1'),
(91, 3, 'k5VaK2qoYVg4BSSho5ymwviU3f9c180b', '2017-01-07 16:56:34', '2017-01-07 16:56:34', '127.0.0.1', 'Mozilla/5.0 (Windows NT 10.0; WOW64; rv:50.0) Gecko/20100101 Firefox/50.0', '1'),
(92, 3, 'QOKkpi9VKUxbR0bWeOSLRi3f9c180b4E', '2017-01-09 17:45:35', '2017-01-09 17:45:35', '127.0.0.1', 'Mozilla/5.0 (Windows NT 10.0; WOW64; rv:50.0) Gecko/20100101 Firefox/50.0', '1'),
(93, 3, 'RoLyK7qqjue63f9c180bmqHAr40eI16p', '2017-01-09 23:05:07', '2017-01-09 23:05:07', '127.0.0.1', 'Mozilla/5.0 (Windows NT 10.0; WOW64; rv:50.0) Gecko/20100101 Firefox/50.0', '1'),
(94, 3, 'MnqMQVvpAJwEYJHOI623f9c180bcc7rF', '2017-01-10 19:03:32', '2017-01-10 19:03:32', '127.0.0.1', 'Mozilla/5.0 (Windows NT 10.0; WOW64; rv:50.0) Gecko/20100101 Firefox/50.0', '1'),
(95, 3, 'J3f9c180bPL1oq6XX3ufxCb7nT2iyE8G', '2017-01-12 20:14:32', '2017-01-12 20:14:32', '127.0.0.1', 'Mozilla/5.0 (Windows NT 10.0; WOW64; rv:50.0) Gecko/20100101 Firefox/50.0', '1'),
(96, 3, 'O1MsS5QMZnliIXV3f9c180bVBkCFPkg7', '2017-01-13 10:42:31', '2017-01-13 10:42:31', '127.0.0.1', 'Mozilla/5.0 (Windows NT 10.0; WOW64; rv:50.0) Gecko/20100101 Firefox/50.0', '1'),
(97, 3, 'M3f9c180bEvzl3uo3ox6yBlLd929BUhT', '2017-01-13 16:16:08', '2017-01-13 16:16:08', '127.0.0.1', 'Mozilla/5.0 (Windows NT 10.0; WOW64; rv:50.0) Gecko/20100101 Firefox/50.0', '1'),
(98, 3, 'dSy3f9c180bJdH4rxsivq6A6NfKiXFBh', '2017-01-13 19:57:09', '2017-01-13 19:57:09', '127.0.0.1', 'Mozilla/5.0 (Windows NT 10.0; WOW64; rv:50.0) Gecko/20100101 Firefox/50.0', '1'),
(99, 3, 's4amnlMu3IXcfcV1VI3f9c180bUJhwB3', '2017-01-13 20:31:37', '2017-01-13 20:31:37', '127.0.0.1', 'Mozilla/5.0 (Windows NT 10.0; WOW64; rv:50.0) Gecko/20100101 Firefox/50.0', '1'),
(100, 3, 'gNa72mVuX3zbZG7T3f9c180bsxr7IOQ6', '2017-01-14 21:49:37', '2017-01-14 21:49:37', '127.0.0.1', 'Mozilla/5.0 (Windows NT 10.0; WOW64; rv:50.0) Gecko/20100101 Firefox/50.0', '1'),
(101, 3, 'LxL8An3f9c180bB285dKzl05DPUTHfkJ', '2017-01-14 23:14:56', '2017-01-14 23:14:56', '127.0.0.1', 'Mozilla/5.0 (Windows NT 10.0; WOW64; rv:50.0) Gecko/20100101 Firefox/50.0', '1'),
(102, 3, '3IdCjnIoHfE3f9c180bpKDKlc2wfzerZ', '2017-01-14 23:55:27', '2017-01-14 23:55:27', '127.0.0.1', 'Mozilla/5.0 (Windows NT 10.0; WOW64; rv:50.0) Gecko/20100101 Firefox/50.0', '1'),
(103, 3, 'wO48oCJyp3f9c180bZLe8SUT8JC6jKeR', '2017-01-15 01:15:07', '2017-01-15 01:15:07', '127.0.0.1', 'Mozilla/5.0 (Windows NT 10.0; WOW64; rv:50.0) Gecko/20100101 Firefox/50.0', '1'),
(104, 3, 'J9Tg1bjgsiGHTVN55XzV3f9c180bt8c4', '2017-01-15 22:10:40', '2017-01-15 22:10:40', '127.0.0.1', 'Mozilla/5.0 (Windows NT 10.0; WOW64; rv:50.0) Gecko/20100101 Firefox/50.0', '1'),
(105, 3, '3f9c180bgsF7zpMsImeZ5DnxFqPXsGcz', '2017-01-20 10:29:22', '2017-01-20 10:29:22', '127.0.0.1', 'Mozilla/5.0 (Windows NT 10.0; WOW64; rv:50.0) Gecko/20100101 Firefox/50.0', '1'),
(106, 3, 'OnhSvJN7Kgut57Zd7Yvcb455ba91ySzf', '2017-02-20 12:27:31', '2017-02-20 12:27:31', '127.0.0.1', 'Mozilla/5.0 (Windows NT 6.1; WOW64) AppleWebKit/537.36 (KHTML, like Gecko) Chrome/55.0.2883.87 Safari/537.36', '0'),
(107, 4, '5cb21f60app4a1xLrm1KKMZ1RCfXM1fm', '2017-02-20 14:46:37', '2017-02-20 14:46:37', '127.0.0.1', 'Mozilla/5.0 (Windows NT 6.1; WOW64) AppleWebKit/537.36 (KHTML, like Gecko) Chrome/55.0.2883.87 Safari/537.36', '1'),
(108, 3, 'ApIRtSXWiIpedBb455ba913yMCIcCTGg', '2017-02-20 21:20:30', '2017-02-20 21:20:30', '127.0.0.1', 'Mozilla/5.0 (Windows NT 10.0; WOW64) AppleWebKit/537.36 (KHTML, like Gecko) Chrome/56.0.2924.87 Safari/537.36', '1'),
(109, 3, 'W7ak7iLb455ba91feqjelbBKGx4SvFe4', '2017-02-21 12:32:48', '2017-02-21 12:32:48', '127.0.0.1', 'Mozilla/5.0 (Windows NT 6.1; WOW64) AppleWebKit/537.36 (KHTML, like Gecko) Chrome/55.0.2883.87 Safari/537.36', '1'),
(110, 3, 'JuvRS2Bb455ba913AdJV6djsJU8BJ7jG', '2017-02-22 11:18:31', '2017-02-22 11:18:31', '127.0.0.1', 'Mozilla/5.0 (Windows NT 6.1; WOW64) AppleWebKit/537.36 (KHTML, like Gecko) Chrome/56.0.2924.87 Safari/537.36', '1');

-- --------------------------------------------------------

--
-- Структура таблицы `next_users_users`
--

CREATE TABLE IF NOT EXISTS `next_users_users` (
  `id_user` int(5) NOT NULL,
  `login` varchar(256) NOT NULL,
  `password` varchar(64) NOT NULL,
  `id_role` int(5) DEFAULT NULL,
  `name` varchar(256) DEFAULT NULL
) ENGINE=InnoDB AUTO_INCREMENT=5 DEFAULT CHARSET=utf8;

--
-- Дамп данных таблицы `next_users_users`
--

INSERT INTO `next_users_users` (`id_user`, `login`, `password`, `id_role`, `name`) VALUES
(3, 'admin', '098cfff64e248dce816e0543c023389bc0b113c8ebe70306cd2998fe840e97f6', 1, 'Admin'),
(4, 'user', '812142985eaca08ed781c2c966b5538080a8966ed7aed2b89e5d8164426d00bc', 2, 'User');

--
-- Индексы сохранённых таблиц
--

--
-- Индексы таблицы `next_cats_cats`
--
ALTER TABLE `next_cats_cats`
  ADD PRIMARY KEY (`id_cat`);

--
-- Индексы таблицы `next_galleries_index`
--
ALTER TABLE `next_galleries_index`
  ADD PRIMARY KEY (`id_gallery`),
  ADD UNIQUE KEY `shortcode` (`shortcode`);

--
-- Индексы таблицы `next_images_index`
--
ALTER TABLE `next_images_index`
  ADD PRIMARY KEY (`id_image`);

--
-- Индексы таблицы `next_images_items`
--
ALTER TABLE `next_images_items`
  ADD UNIQUE KEY `id_image` (`id_image`,`id_item`,`item`);

--
-- Индексы таблицы `next_images_sizes`
--
ALTER TABLE `next_images_sizes`
  ADD UNIQUE KEY `id_image` (`id_image`,`slug`);

--
-- Индексы таблицы `next_menu_items`
--
ALTER TABLE `next_menu_items`
  ADD UNIQUE KEY `pairs` (`id_menu`,`id_item`);

--
-- Индексы таблицы `next_menu_menu`
--
ALTER TABLE `next_menu_menu`
  ADD PRIMARY KEY (`id_menu`),
  ADD UNIQUE KEY `shortcode` (`shortcode`);

--
-- Индексы таблицы `next_news_news`
--
ALTER TABLE `next_news_news`
  ADD PRIMARY KEY (`id_new`),
  ADD UNIQUE KEY `url` (`url`);

--
-- Индексы таблицы `next_orders_index`
--
ALTER TABLE `next_orders_index`
  ADD PRIMARY KEY (`id_order`);

--
-- Индексы таблицы `next_orders_products`
--
ALTER TABLE `next_orders_products`
  ADD UNIQUE KEY `id_order` (`id_order`,`id_product`);

--
-- Индексы таблицы `next_pages_pages`
--
ALTER TABLE `next_pages_pages`
  ADD PRIMARY KEY (`id_page`);

--
-- Индексы таблицы `next_reviews_reviews`
--
ALTER TABLE `next_reviews_reviews`
  ADD PRIMARY KEY (`id_review`);

--
-- Индексы таблицы `next_seopack_index`
--
ALTER TABLE `next_seopack_index`
  ADD PRIMARY KEY (`id_index`);

--
-- Индексы таблицы `next_seopack_redirects`
--
ALTER TABLE `next_seopack_redirects`
  ADD PRIMARY KEY (`id_redirect`),
  ADD UNIQUE KEY `url_from` (`url_from`);

--
-- Индексы таблицы `next_shop_cart2pr`
--
ALTER TABLE `next_shop_cart2pr`
  ADD UNIQUE KEY `id_cart` (`id_cart`,`id_product`);

--
-- Индексы таблицы `next_shop_carts`
--
ALTER TABLE `next_shop_carts`
  ADD PRIMARY KEY (`id_cart`);

--
-- Индексы таблицы `next_shop_options`
--
ALTER TABLE `next_shop_options`
  ADD PRIMARY KEY (`id_option`),
  ADD UNIQUE KEY `url` (`url`);

--
-- Индексы таблицы `next_shop_pr2op`
--
ALTER TABLE `next_shop_pr2op`
  ADD UNIQUE KEY `id_product` (`id_product`,`id_option`);

--
-- Индексы таблицы `next_shop_products`
--
ALTER TABLE `next_shop_products`
  ADD PRIMARY KEY (`id_product`);

--
-- Индексы таблицы `next_shop_units`
--
ALTER TABLE `next_shop_units`
  ADD PRIMARY KEY (`id_unit`);

--
-- Индексы таблицы `next_subscribe_users`
--
ALTER TABLE `next_subscribe_users`
  ADD PRIMARY KEY (`id_user`),
  ADD UNIQUE KEY `email` (`email`);

--
-- Индексы таблицы `next_tags_tags`
--
ALTER TABLE `next_tags_tags`
  ADD PRIMARY KEY (`id_tag`),
  ADD KEY `tag_type` (`tag_type`);

--
-- Индексы таблицы `next_texts_texts`
--
ALTER TABLE `next_texts_texts`
  ADD PRIMARY KEY (`id_text`),
  ADD UNIQUE KEY `alias` (`alias`);

--
-- Индексы таблицы `next_token_index`
--
ALTER TABLE `next_token_index`
  ADD PRIMARY KEY (`id_token`);

--
-- Индексы таблицы `next_users_roles`
--
ALTER TABLE `next_users_roles`
  ADD PRIMARY KEY (`id_role`);

--
-- Индексы таблицы `next_users_sessions`
--
ALTER TABLE `next_users_sessions`
  ADD PRIMARY KEY (`id_session`),
  ADD UNIQUE KEY `sid` (`token`);

--
-- Индексы таблицы `next_users_users`
--
ALTER TABLE `next_users_users`
  ADD PRIMARY KEY (`id_user`),
  ADD UNIQUE KEY `login` (`login`(200));

--
-- AUTO_INCREMENT для сохранённых таблиц
--

--
-- AUTO_INCREMENT для таблицы `next_cats_cats`
--
ALTER TABLE `next_cats_cats`
  MODIFY `id_cat` int(11) NOT NULL AUTO_INCREMENT,AUTO_INCREMENT=4;
--
-- AUTO_INCREMENT для таблицы `next_galleries_index`
--
ALTER TABLE `next_galleries_index`
  MODIFY `id_gallery` int(11) NOT NULL AUTO_INCREMENT,AUTO_INCREMENT=2;
--
-- AUTO_INCREMENT для таблицы `next_images_index`
--
ALTER TABLE `next_images_index`
  MODIFY `id_image` int(11) NOT NULL AUTO_INCREMENT,AUTO_INCREMENT=48;
--
-- AUTO_INCREMENT для таблицы `next_menu_menu`
--
ALTER TABLE `next_menu_menu`
  MODIFY `id_menu` int(11) NOT NULL AUTO_INCREMENT,AUTO_INCREMENT=4;
--
-- AUTO_INCREMENT для таблицы `next_news_news`
--
ALTER TABLE `next_news_news`
  MODIFY `id_new` int(11) NOT NULL AUTO_INCREMENT;
--
-- AUTO_INCREMENT для таблицы `next_orders_index`
--
ALTER TABLE `next_orders_index`
  MODIFY `id_order` int(11) NOT NULL AUTO_INCREMENT;
--
-- AUTO_INCREMENT для таблицы `next_pages_pages`
--
ALTER TABLE `next_pages_pages`
  MODIFY `id_page` int(11) NOT NULL AUTO_INCREMENT,AUTO_INCREMENT=5;
--
-- AUTO_INCREMENT для таблицы `next_reviews_reviews`
--
ALTER TABLE `next_reviews_reviews`
  MODIFY `id_review` int(11) NOT NULL AUTO_INCREMENT;
--
-- AUTO_INCREMENT для таблицы `next_seopack_index`
--
ALTER TABLE `next_seopack_index`
  MODIFY `id_index` int(11) NOT NULL AUTO_INCREMENT,AUTO_INCREMENT=4;
--
-- AUTO_INCREMENT для таблицы `next_seopack_redirects`
--
ALTER TABLE `next_seopack_redirects`
  MODIFY `id_redirect` int(11) NOT NULL AUTO_INCREMENT;
--
-- AUTO_INCREMENT для таблицы `next_shop_carts`
--
ALTER TABLE `next_shop_carts`
  MODIFY `id_cart` int(10) unsigned NOT NULL AUTO_INCREMENT;
--
-- AUTO_INCREMENT для таблицы `next_shop_options`
--
ALTER TABLE `next_shop_options`
  MODIFY `id_option` int(11) NOT NULL AUTO_INCREMENT,AUTO_INCREMENT=8;
--
-- AUTO_INCREMENT для таблицы `next_shop_products`
--
ALTER TABLE `next_shop_products`
  MODIFY `id_product` int(11) NOT NULL AUTO_INCREMENT,AUTO_INCREMENT=231;
--
-- AUTO_INCREMENT для таблицы `next_shop_units`
--
ALTER TABLE `next_shop_units`
  MODIFY `id_unit` int(11) NOT NULL AUTO_INCREMENT,AUTO_INCREMENT=7;
--
-- AUTO_INCREMENT для таблицы `next_subscribe_users`
--
ALTER TABLE `next_subscribe_users`
  MODIFY `id_user` int(10) unsigned NOT NULL AUTO_INCREMENT;
--
-- AUTO_INCREMENT для таблицы `next_tags_tags`
--
ALTER TABLE `next_tags_tags`
  MODIFY `id_tag` int(11) NOT NULL AUTO_INCREMENT,AUTO_INCREMENT=2;
--
-- AUTO_INCREMENT для таблицы `next_texts_texts`
--
ALTER TABLE `next_texts_texts`
  MODIFY `id_text` int(11) NOT NULL AUTO_INCREMENT,AUTO_INCREMENT=22;
--
-- AUTO_INCREMENT для таблицы `next_token_index`
--
ALTER TABLE `next_token_index`
  MODIFY `id_token` int(10) unsigned NOT NULL AUTO_INCREMENT,AUTO_INCREMENT=18;
--
-- AUTO_INCREMENT для таблицы `next_users_roles`
--
ALTER TABLE `next_users_roles`
  MODIFY `id_role` int(5) NOT NULL AUTO_INCREMENT,AUTO_INCREMENT=3;
--
-- AUTO_INCREMENT для таблицы `next_users_sessions`
--
ALTER TABLE `next_users_sessions`
  MODIFY `id_session` int(11) NOT NULL AUTO_INCREMENT,AUTO_INCREMENT=111;
--
-- AUTO_INCREMENT для таблицы `next_users_users`
--
ALTER TABLE `next_users_users`
  MODIFY `id_user` int(5) NOT NULL AUTO_INCREMENT,AUTO_INCREMENT=5;
/*!40101 SET CHARACTER_SET_CLIENT=@OLD_CHARACTER_SET_CLIENT */;
/*!40101 SET CHARACTER_SET_RESULTS=@OLD_CHARACTER_SET_RESULTS */;
/*!40101 SET COLLATION_CONNECTION=@OLD_COLLATION_CONNECTION */;
